IDNUM,SpMaxL,JDze,nHM,F01NN,F04CN,NssssC,nCb,Cpercent,nCp,nO,F03CN,SdssC,HyWiBm,LOC,SM6L,F03CO,Me,Mi,nNN,nArNO2,nCRX3,SpPosABp,nCIR,B01CBr,B03CCl,N073,SpMaxA,Psii1d,B04CBr,SdO,TI2L,nCrt,C026,F02CN,nHDon,SpMaxBm,PsiiA,nN,SM6Bm,nArCOOR,nX,class
2484,3.962,3.111,0,0,8,0,0,22.7,2,0,0,0,3.525,3,9.452,0,0.985,1.172,0,0,0,1.12,0,0,0,0,1.966,-0.001,0,0,6.505,0,0,10,8,3.038,2.063,6,7.786,0,0
2480,5.04,2.861,0,0,0,0,0,36.4,0,4,0,-2.043,3.403,1.258,10.159,8,1.033,1.132,0,0,0,1.153,1,0,0,0,2.323,0.004,0,21.144,1.711,2,0,0,2,3.581,3.25,0,8.304,0,0
2117,5.382,2.448,0,0,0,2,5,42.6,6,1,0,0,3.914,1.061,11.174,3,0.975,1.119,0,0,0,1.288,2,0,0,0,2.422,0,0,0,3.24,0,1,0,1,3.838,2.04,0,8.96,0,0
2234,3.978,3.018,0,0,0,0,0,31.7,2,1,0,0,3.76,3.44,9.762,2,0.966,1.142,0,0,0,1.196,0,0,0,0,1.98,0,0,0,8.527,0,0,0,0,3.037,1.643,0,7.991,0,0
2495,4.334,3.792,1,0,0,0,0,33.3,1,2,0,-0.475,3.087,1.557,8.944,1,1.052,1.134,0,0,0,1.196,0,0,0,0,1.97,0.156,0,9.986,2.195,0,0,0,0,3.652,3.254,0,8.211,0,1
2125,5.421,1.966,0,0,4,0,9,50,0,5,3,-0.867,4.248,0.803,11.224,17,1.022,1.106,0,0,0,1.262,7,0,0,0,2.558,0,0,25.644,3.388,0,5,2,3,4.016,2.568,1,9.391,0,0
2168,5.179,2.805,1,1,14,0,7,38.6,3,2,20,0,4.4,1.575,11.237,2,1.003,1.131,0,0,0,1.281,2,0,0,0,2.403,0,0,23.83,4.339,0,4,15,1,4.687,2.519,6,9.949,0,0
2635,4.921,2.791,0,0,0,0,2,39.4,3,2,0,-0.772,3.579,1.564,10.35,4,0.988,1.126,0,0,0,1.245,1,0,0,0,2.298,-0.001,0,10.762,2.928,0,0,0,1,3.685,2.411,0,8.503,0,0
2240,3.956,2.82,0,0,0,0,0,31.1,2,1,0,0,3.431,2.974,9.377,1,0.968,1.143,0,0,0,1.183,0,0,0,0,1.962,0.001,0,0,6.102,0,0,0,1,2.98,1.833,0,7.624,0,0
2301,4.97,3.349,0,0,1,0,4,39.1,3,0,4,0,3.181,0.861,10.06,0,0.974,1.13,0,0,0,1.286,1,0,0,0,2.307,0.013,0,0,0.962,0,1,2,2,3.768,2.067,1,8.225,0,0
2084,5.236,3.878,6,0,0,0,6,46.2,0,0,0,0,4.029,0.799,10.434,0,1.104,1.068,0,0,0,1.44,1,0,1,0,2.414,0.004,0,0,0.873,0,6,0,0,4.322,2.815,0,9.637,0,5
2282,5.216,1.639,0,0,0,1,1,43.1,4,3,0,1.132,4.111,1.022,11.075,9,0.99,1.118,0,0,0,1.279,3,0,0,0,2.611,0,0,12.402,5.665,2,0,0,0,3.783,2.13,0,9.194,0,0
2554,5.063,3.483,2,0,2,0,3,43.8,0,1,2,-0.611,3.612,1.16,10.123,2,1.045,1.115,0,0,0,1.307,1,0,1,0,2.327,-0.008,0,10.696,1.458,0,2,1,2,4.051,2.899,1,9.001,0,2
2195,5.262,3.624,2,0,0,0,0,29.3,3,0,0,0,4.458,2.217,10.2,0,0.964,1.132,0,0,0,1.41,0,0,1,0,2.25,-0.002,0,0,2.369,0,0,0,0,10.372,1.716,0,14.036,0,1
2070,5.054,2.44,2,1,8,0,6,39.5,1,3,12,0,4.248,1.372,10.892,4,1.035,1.132,0,1,0,1.261,2,0,1,0,2.373,0,0,21.488,4.768,0,6,11,1,4.09,2.718,4,9.54,0,2
2225,3.848,2.53,0,0,0,0,0,30.8,2,0,0,0,2.792,2,8.584,0,0.96,1.144,0,0,0,1.194,0,0,0,0,1.879,-0.062,0,0,3.284,0,0,0,0,2.905,1.625,0,6.895,0,0
2493,4.303,3.539,1,0,0,0,0,27.3,1,2,0,-0.392,2.953,1.459,8.815,1,1.057,1.146,0,0,0,1.141,0,0,0,0,1.932,-0.262,0,9.826,1.745,0,0,0,0,3.647,3.296,0,8.091,0,1
2400,4.828,3.385,2,0,1,0,3,50,0,1,2,0,3.627,1.455,9.947,1,1.06,1.102,0,0,0,1.331,1,0,1,0,2.268,-0.008,0,9.803,1.996,0,3,2,0,4.054,2.884,1,9.025,0,2
2252,4.881,2.475,0,0,0,0,3,52,1,0,0,0,3.482,0.569,10.136,0,0.972,1.1,0,0,0,1.337,2,0,0,0,2.305,0.001,0,0,2.2,0,0,0,0,3.743,1.923,0,8.517,0,0
2500,5.276,2.819,2,0,0,0,2,55.6,0,2,0,-1.19,3.824,0.788,10.565,6,1.053,1.086,0,0,0,1.322,3,0,1,0,2.463,-0.001,0,23.092,1.098,0,0,0,0,4.127,2.873,0,9.208,0,2
2092,5.236,2.942,6,0,0,0,0,33.3,0,0,0,0,4.006,0.799,10.434,0,1.069,1.12,0,0,0,1.347,1,0,1,0,2.414,0.004,0,0,0.873,0,0,0,0,4.085,2.722,0,9.504,0,6
2026,5.406,1.997,0,0,8,0,8,50,1,2,8,-0.269,4.196,0.777,11.159,8,0.998,1.108,0,0,0,1.297,7,0,0,1,2.552,0,0,26.252,2.915,0,3,6,2,3.993,2.295,2,9.326,0,0
2492,4.629,3.835,1,0,0,0,0,28.6,1,2,0,-0.387,3.059,1.379,9.312,3,1.037,1.145,0,0,0,1.173,0,0,0,0,2.053,0.148,0,10.157,1.776,0,0,0,0,3.747,3.087,0,8.219,0,1
2445,5.488,3.541,0,0,0,2,4,37.5,7,1,0,0,3.611,1.125,11.011,4,0.973,1.13,0,0,0,1.266,1,0,0,0,2.458,0,0,0,1.942,0,1,0,1,3.853,2.073,0,8.63,0,0
2329,4.732,3.135,0,0,0,0,2,44.4,2,0,0,0,2.97,0.875,9.579,0,0.968,1.115,0,0,0,1.323,1,0,0,0,2.194,0.041,0,0,0.854,0,0,0,0,3.641,1.917,0,7.944,0,0
2264,5.332,2.04,2,0,0,0,5,35.8,1,7,0,0,4.481,2.47,11.31,16,1.007,1.125,0,0,0,1.236,2,0,0,0,2.393,0,0,45.704,6.897,0,4,0,2,4.742,2.611,0,10.274,0,0
2157,5.144,2.967,1,1,12,0,8,38.2,1,6,19,-0.41,4.74,1.696,11.283,11,1.038,1.136,0,2,0,1.254,2,1,0,0,2.435,0,1,56.922,4.61,0,8,18,1,6.88,2.879,7,11.706,0,1
2498,5.31,3.191,0,0,0,1,1,46.7,1,0,0,0,3.288,1.185,10.25,0,1.072,1.179,0,0,1,1.127,1,0,0,0,2.288,0.016,0,0,1.726,0,0,0,0,3.711,3.692,0,8.267,0,3
2150,6.247,7.184,1,0,1,6,0,25,1,2,1,0,4.262,1.585,11.87,4,1.235,1.306,0,0,1,0.946,0,0,0,0,2.643,0,0,21.118,3.384,0,0,1,1,4.726,5.455,1,9.831,0,13
2550,5.135,2.396,4,0,0,0,8,54.5,0,2,0,0,4.166,0.714,10.834,8,1.067,1.084,0,0,0,1.339,6,0,1,0,2.467,0,0,0,1.842,0,8,0,0,4.118,2.488,0,9.627,0,4
2496,4.414,3.286,0,0,0,0,0,27.3,3,0,0,0,2.69,1.449,8.995,0,0.968,1.155,0,0,0,1.146,0,0,0,0,2,0.117,0,0,1.496,0,0,3,0,3.116,1.786,1,6.994,0,0
2602,5.486,2.477,1,0,0,0,5,50,0,5,0,-1.01,4.058,0.932,11.11,14,1.045,1.094,0,0,0,1.278,6,0,0,0,2.545,0,0,47.419,1.787,0,1,0,1,4.741,3.029,0,9.821,0,0
2328,5.04,3.086,0,0,0,0,2,40,4,0,0,0,3.326,1.258,10.159,0,0.965,1.125,0,0,0,1.284,1,0,0,0,2.323,0.004,0,0,1.711,0,0,0,0,3.694,1.833,0,8.212,0,0
2182,5.145,1.964,4,0,6,0,8,53.3,0,2,6,-0.093,4.938,0.691,11.221,6,1.047,1.085,0,0,0,1.392,6,1,1,0,2.559,0,1,25.464,2.876,0,6,8,2,6.893,2.473,2,12.704,0,4
2634,5.527,2.581,0,0,2,1,0,31,1,4,7,-1.137,3.834,0.992,10.98,8,1.071,1.175,0,0,0,1.11,2,0,0,0,2.524,0,0,11.431,2.317,0,0,4,4,3.776,3.421,3,8.78,0,2
2570,5.063,3.51,2,0,0,0,3,46.7,0,2,0,-1.111,3.62,1.16,10.123,4,1.064,1.103,0,0,0,1.295,1,0,1,0,2.327,-0.008,0,10.474,1.458,0,2,0,1,4.052,3.081,0,9.007,0,2
2192,4.496,3.219,1,0,0,0,0,30,3,0,0,0,4.373,2.237,9.519,0,0.957,1.131,0,0,0,1.421,0,0,0,0,2.101,0.003,0,0,2.551,0,0,0,0,10.214,1.542,0,13.944,0,0
2258,5.382,3.733,2,0,0,0,2,30,0,6,0,0,3.834,1.197,10.84,12,1.088,1.117,0,0,0,1.216,1,0,0,0,2.381,0.001,0,42.365,2.219,0,2,0,2,4.772,3.798,0,10.09,0,0
2426,4.985,2.568,0,0,0,0,3,52.2,0,1,0,0,3.499,0.569,10.158,3,0.989,1.099,0,0,0,1.304,2,0,0,0,2.327,0.001,0,0,2.096,0,1,0,1,3.769,2.231,0,8.538,0,0
2551,5.372,2.121,1,0,0,0,1,34.6,1,3,0,0,4.004,3.23,10.606,9,0.987,1.13,0,0,0,1.233,1,0,0,0,2.327,0,0,23.741,7.358,0,1,0,0,4.715,2.208,0,9.575,0,0
2147,5.711,1.386,0,0,5,1,6,45.1,0,7,10,-0.884,4.767,0.656,11.722,21,1.009,1.117,0,0,0,1.254,6,0,0,0,2.533,0,0,25.555,6.292,0,2,5,2,3.862,2.314,3,9.788,0,0
2464,5.236,3.815,6,0,0,0,6,50,0,0,0,0,5.164,0.799,10.434,0,1.085,1.025,0,0,0,1.635,1,1,0,0,2.414,0.004,1,0,0.873,0,6,0,0,7.002,2.208,0,13.365,0,6
2167,5.054,1.895,2,1,10,0,8,45,0,4,16,0,4.449,0.904,11.118,8,1.05,1.122,0,2,0,1.278,3,0,1,1,2.373,0,0,42.968,5.875,0,8,14,1,4.09,2.83,5,9.794,0,2
2399,4.923,3.239,1,0,0,0,2,47.1,1,1,0,0.005,3.394,1.185,9.911,2,1.011,1.107,0,0,0,1.314,1,0,1,0,2.267,0.014,0,10.782,1.563,0,1,0,0,3.93,2.611,0,8.654,0,1
2190,5.262,3.639,1,0,0,0,0,29.3,3,0,0,0,4.413,2.217,10.2,0,0.969,1.142,0,0,0,1.358,0,0,0,0,2.25,-0.002,0,0,2.369,0,0,0,0,10.347,1.994,0,14.021,0,1
2609,5.021,3.697,2,0,2,0,4,37.5,0,2,4,0,3.708,1.124,10.277,4,1.08,1.133,0,1,0,1.271,1,0,1,0,2.343,0.005,0,20.528,1.623,0,4,4,2,4.079,3.241,2,9.17,0,2
2213,3.973,2.877,0,0,0,0,0,32.2,2,0,0,0,3.648,3.301,9.649,0,0.961,1.141,0,0,0,1.209,0,0,0,0,1.975,0,0,0,7.718,0,0,0,0,2.992,1.553,0,7.842,0,0
2149,6.272,7.357,1,0,1,7,0,25.8,1,2,1,0,4.374,1.679,12.007,4,1.241,1.312,0,0,1,0.941,0,0,0,0,2.66,0,0,21.224,3.774,0,0,1,1,4.726,5.488,1,9.899,0,15
2229,3.932,2.727,0,0,0,0,0,31.6,2,0,0,0,3.192,2.585,9.11,0,0.96,1.142,0,0,0,1.206,0,0,0,0,1.942,-0.006,0,0,4.891,0,0,0,0,2.958,1.583,0,7.349,0,0
2052,5.401,1.993,0,0,7,0,7,52.6,0,2,8,-0.402,4.131,0.566,11.077,8,1.004,1.103,0,0,0,1.3,7,0,0,1,2.547,0,0,25.788,2.773,0,3,6,3,3.993,2.396,2,9.274,0,0
2040,5.122,1.235,0,0,5,0,6,44.4,0,1,9,-0.027,4.436,0.459,11.314,3,1,1.13,0,0,0,1.253,6,0,0,0,2.481,0,0,12.525,6.056,0,4,9,1,3.819,2.304,3,9.425,0,2
2390,4.971,3.039,0,0,2,0,2,38.7,3,1,2,0.124,3.509,1.733,10.236,4,0.984,1.13,0,0,0,1.251,1,0,0,0,2.305,0.001,0,11.885,2.585,0,0,3,0,3.725,2.214,1,8.44,0,0
2334,5.074,1.947,0,0,0,0,5,48,3,0,0,0,4.062,0.566,10.878,0,0.97,1.108,0,0,0,1.324,3,0,0,0,2.39,0,0,0,3.274,0,0,0,0,3.76,1.854,0,9.067,0,0
2557,5.157,2.516,0,0,0,0,6,61.5,0,0,0,0,3.76,0,10.741,0,0.978,1.08,0,0,0,1.395,12,0,0,0,2.569,0,0,0,1.115,0,0,0,0,4.156,1.875,0,9.066,0,0
2098,5.093,2.421,3,0,3,0,6,48.1,0,2,4,-0.373,4.793,0.73,10.713,6,1.032,1.093,0,0,0,1.381,2,1,0,0,2.378,0,1,12.1,3.574,0,5,3,2,6.893,2.496,1,12.688,0,3
2101,5.406,2.58,1,0,0,2,8,40,8,2,0,0,4.144,1.006,11.361,8,0.982,1.119,0,0,0,1.3,2,0,0,0,2.446,0,0,0,3.797,0,4,0,2,4.037,2.147,0,9.332,0,0
2507,4.888,2.095,0,0,0,0,2,51.7,0,2,0,-0.279,3.769,0.604,10.396,6,0.998,1.1,0,0,0,1.298,2,0,0,0,2.288,0,0,23.615,3.756,0,0,0,0,3.717,2.48,0,8.814,0,0
2122,5.512,1.189,2,0,0,5,4,35.8,6,10,0,0,4.841,0.762,12.034,36,0.998,1.128,0,0,0,1.233,6,0,0,0,2.436,0,0,0,7.977,0,2,0,0,4.002,2.001,0,9.948,0,0
2504,4.796,3.21,1,0,0,0,2,46.7,0,2,0,-0.956,3.413,1.185,9.882,4,1.042,1.107,0,0,0,1.268,1,0,1,0,2.243,0.015,0,10.295,1.686,0,1,0,1,3.896,3.011,0,8.669,0,1
2589,4.543,2.778,0,0,0,0,1,47.4,0,2,0,-0.922,3.335,1.705,9.722,2,1.01,1.109,0,0,0,1.253,1,0,0,0,2.166,-0.008,0,10.086,2.905,0,0,0,1,3.615,2.758,0,8.319,0,0
2096,5.465,2.058,1,0,9,0,9,45.8,1,5,8,-0.955,4.407,0.817,11.452,16,1.021,1.11,0,0,0,1.281,7,0,0,0,2.569,0,0,52.188,3.432,0,4,5,3,4.711,2.642,2,9.995,0,0
2048,5.436,3.428,0,0,4,2,2,41.2,4,2,4,0,3.8,1.817,10.945,2,1.001,1.127,0,0,0,1.259,1,0,0,0,2.41,0,0,20.833,2.978,0,0,6,0,3.785,2.602,2,8.879,0,0
2170,4.942,2.441,1,0,1,0,3,46.7,1,0,1,0,3.78,1.125,10.363,0,0.987,1.112,0,0,0,1.317,2,0,1,0,2.347,0,0,0,2.491,0,1,2,0,3.925,2.049,1,8.946,0,1
2346,5.04,3.41,0,0,0,0,2,44.4,0,4,0,-2.457,3.451,1.258,10.159,8,1.053,1.116,0,0,0,1.194,1,0,0,0,2.323,0.005,0,20.926,1.711,0,0,0,2,3.792,3.389,0,8.531,0,0
2368,3.802,2.591,0,0,1,0,0,27.3,2,0,1,0,2.68,1.95,8.394,0,0.968,1.155,0,0,0,1.16,0,0,0,0,1.848,0.117,0,0,2.885,0,0,2,1,2.918,1.786,1,6.807,0,0
2086,5.46,4.245,0,0,5,1,5,34.3,4,5,6,0,3.89,1.207,11.002,11,1.029,1.141,0,2,0,1.212,1,0,0,0,2.493,0,0,44.352,1.528,0,3,4,0,4.02,3.004,2,9.159,0,0
2641,5.432,1.878,1,0,7,0,0,33.3,2,5,3,-0.727,4.204,1.251,11.287,10,1.014,1.138,0,0,0,1.228,4,0,0,0,2.642,0,0,36.249,3.796,2,0,8,3,4.014,2.641,3,9.313,0,0
2533,4.893,2.317,1,0,0,0,4,50,0,1,0,0,3.74,0.648,10.32,3,0.998,1.102,0,0,0,1.318,2,0,1,0,2.312,0,0,0,2.866,0,2,0,1,3.908,2.285,0,8.928,0,1
2412,4.17,3.084,0,0,0,0,0,27.3,2,2,0,-0.19,2.512,0.971,8.597,1,1.028,1.151,0,0,0,1.111,0,0,0,0,1.848,0.414,0,9.563,1.542,0,0,0,1,3.295,3.633,0,7.23,0,0
2063,5.054,2.377,2,1,9,0,6,40.4,1,4,14,-0.366,4.445,1.834,11.044,5,1.035,1.13,0,1,0,1.262,2,0,1,0,2.374,0,0,32.613,5.583,0,6,13,0,4.09,2.763,5,9.7,0,2
2452,4.414,3.509,1,1,0,0,0,18.2,0,0,1,0,3.095,0.917,9.459,0,1.044,1.174,0,0,0,1.28,1,0,0,1,2.199,-0.087,0,0,1.101,0,0,2,3,3.883,2.722,4,8.369,0,0
2475,4.236,2.923,0,0,1,0,0,30,1,2,1,-0.67,3.485,2.79,9.593,2,0.984,1.147,0,0,0,1.16,0,0,0,0,1.987,0.001,0,10.225,6.005,0,0,1,3,3.329,2.344,1,7.957,0,0
2410,4.17,2.977,1,0,0,0,0,33.3,2,0,0,1.02,2.776,0.971,8.597,0,0.988,1.134,0,0,0,1.286,0,0,1,0,1.848,0.358,0,0,1.542,0,0,0,0,3.615,2.456,0,7.945,0,1
2214,3.993,3.008,0,0,0,0,0,32.8,2,0,0,0,4.339,4.248,10.406,0,0.961,1.14,0,0,0,1.213,0,0,0,0,1.994,0,0,0,15.41,0,0,0,0,3.025,1.526,0,8.564,0,0
2568,5.386,4.186,1,0,7,0,4,31,2,6,8,0,4.146,1.708,11.059,12,1.034,1.143,0,2,0,1.215,1,0,0,0,2.479,0,0,68.713,2.168,0,4,8,0,4.719,3.112,3,9.869,0,0
2615,4.967,3.255,0,0,0,0,3,39.1,1,4,0,-1.152,3.49,1.508,10.188,9,1.032,1.127,0,0,0,1.187,1,0,0,0,2.318,-0.002,0,10.49,2.155,0,2,0,2,3.785,2.974,0,8.49,0,0
2121,5.134,2.841,1,1,11,0,7,36.7,3,5,16,-0.314,4.617,1.376,11.165,9,1.034,1.138,0,2,0,1.246,2,1,0,0,2.415,0,1,56.246,4.488,0,7,17,1,6.88,2.819,6,11.689,0,1
2322,5.104,2.363,2,0,4,1,2,37.9,3,0,2,0,3.795,1.506,10.63,0,0.988,1.115,0,0,0,1.363,3,0,0,0,2.385,0,0,0,3.179,0,0,6,1,4.342,1.961,2,9.293,0,0
2088,5.554,1.719,0,0,14,0,12,60.9,0,2,12,0.071,4.465,0.406,11.623,8,1.003,1.085,0,0,0,1.351,96,0,0,2,2.677,0,0,26.731,1.664,0,0,8,2,4.245,2.177,2,9.773,0,0
2011,5.041,1.658,0,2,16,0,10,42.9,4,6,22,-2.123,4.788,0.887,11.617,10,1.01,1.125,0,0,0,1.261,4,0,0,0,2.406,0,0,50.316,8.013,0,6,18,2,3.866,2.458,6,9.86,0,0
2173,5.195,2.29,2,2,28,0,8,37,1,6,29,0,4.781,1.61,11.504,8,1.031,1.14,0,1,0,1.238,3,0,1,0,2.442,0,0,22.143,6.341,0,9,21,2,4.093,2.554,9,9.985,0,2
2005,4.704,1.822,0,2,12,0,6,47.4,0,2,16,0,4.12,0.49,10.767,4,1.013,1.118,0,0,0,1.269,3,0,0,0,2.277,0,0,0,5.547,0,6,12,2,3.766,2.417,4,9.201,0,0
2606,5.04,3.495,0,0,0,0,0,41.2,0,4,2,-2.631,3.459,1.258,10.159,6,1.069,1.127,0,0,0,1.18,1,0,0,0,2.323,0.005,0,20.823,1.711,0,0,3,2,3.808,3.472,1,8.553,0,0
2143,5.436,1.82,0,0,23,0,8,45.9,3,3,22,-1.144,4.549,0.964,11.521,10,1.009,1.121,0,0,0,1.275,8,0,0,1,2.57,0,0,39.496,3.971,0,2,8,4,4.027,2.423,6,9.692,0,0
2133,4.972,2.226,2,0,8,0,6,42.9,2,2,10,-0.513,4.475,1.456,11.077,3,1.008,1.123,0,0,0,1.293,2,0,1,0,2.352,0,0,12.112,6.291,0,4,8,1,4.051,2.47,4,9.659,0,2
2284,4.303,2.956,3,0,0,0,0,27.3,2,0,0,0,4.193,1.459,8.815,0,1.029,1.117,0,0,0,1.434,0,1,1,0,1.932,-0.208,0,0,1.745,0,0,0,0,6.906,2.324,0,12.264,0,3
2165,5.077,2.504,1,1,16,0,7,39.3,3,4,17,-0.304,4.646,1.844,11.137,5,1.016,1.131,0,1,0,1.269,2,1,0,0,2.394,0,1,33.067,5.46,0,5,13,0,6.88,2.581,5,11.683,0,1
2404,4.792,1.802,0,0,4,0,4,38.9,2,0,4,0,4.176,2.296,10.681,0,0.967,1.128,0,0,0,1.265,2,0,0,1,2.305,0,0,0,6.858,0,2,4,1,3.709,1.73,1,8.928,0,0
2050,5.127,2.341,0,1,11,0,7,45.7,0,5,13,0,4.214,0.942,11.028,10,1.048,1.122,0,2,0,1.257,4,0,0,0,2.421,0,0,43.745,4.139,0,5,10,1,3.977,2.947,4,9.503,0,0
2478,4.233,2.901,0,0,0,0,0,30,1,2,0,-0.682,2.909,1.906,9.011,2,0.998,1.146,0,0,0,1.132,0,0,0,0,1.95,-0.077,0,9.874,2.999,0,0,0,1,3.328,2.833,0,7.514,0,0
2339,5.319,1.997,0,0,0,0,5,48.7,1,2,0,-0.071,3.961,1.447,10.855,8,0.99,1.107,0,0,0,1.292,6,0,0,0,2.511,0,0,25.056,2.884,0,0,0,0,3.954,2.27,0,9.025,0,0
2627,5.433,2.891,3,0,3,0,0,24.1,2,2,5,0,3.81,1.822,10.433,7,1.019,1.15,0,0,0,1.228,1,0,0,0,2.368,0.001,0,12.189,2.101,0,0,3,1,4.422,2.466,2,9.401,0,2
2274,5.137,2.966,2,0,0,0,1,38.9,0,2,0,0,3.611,1.455,10.236,2,1.033,1.108,0,0,0,1.318,1,0,1,0,2.236,-0.008,0,21.132,2.425,0,0,0,0,4.877,2.927,0,9.685,0,1
2392,4.607,2.988,2,0,0,0,2,46.7,1,0,0,0,3.439,1.187,9.631,0,1.012,1.103,0,0,0,1.34,1,0,1,0,2.194,-0.025,0,0,1.544,0,1,0,0,3.884,2.34,0,8.779,0,2
2188,5.419,3.986,3,0,0,0,0,21.6,0,2,0,0,3.613,1.547,10.88,0,0.962,1.124,0,0,0,1.494,0,0,0,0,2.327,0.003,0,0,2.848,0,0,0,0,4.268,1.929,0,9.382,0,0
2548,4.981,3.49,2,0,2,0,4,50,0,1,2,0,4.344,1.16,10.115,2,1.047,1.087,0,0,0,1.414,1,1,0,0,2.32,-0.008,1,0,1.386,0,3,1,1,6.893,2.788,1,12.281,0,2
2497,5.236,2.942,6,0,0,0,0,33.3,0,0,0,0,4.006,0.799,10.434,0,1.069,1.12,0,0,0,1.347,1,0,1,0,2.414,0.004,0,0,0.873,0,0,0,0,4.085,2.722,0,9.504,0,6
2370,4.236,2.952,0,0,1,0,0,31.3,1,0,1,0,3.757,3.309,9.914,0,0.963,1.144,0,0,0,1.207,0,0,0,0,1.994,0,0,0,8.475,0,0,1,0,3.088,1.595,1,8.041,0,0
2131,5.373,2.511,2,0,3,1,5,42.6,3,5,3,-2.243,4.368,1.142,11.24,13,1.026,1.119,0,0,0,1.263,2,0,1,0,2.389,0,0,36.516,4.098,0,4,3,2,4.012,2.755,1,9.592,0,2
2371,4.691,4.992,0,0,4,0,0,27.8,0,8,0,-4.91,3.897,2.122,10.467,0,1.056,1.155,0,0,0,1.112,0,0,0,0,2.211,0,0,42.22,3.997,0,0,6,4,3.478,3.583,2,8.786,0,0
2624,5.369,3.118,1,0,0,1,2,38.7,3,3,0,-0.384,3.767,2.024,10.629,7,1.012,1.126,0,0,0,1.241,1,0,1,0,2.331,0,0,11.563,3.299,0,2,0,0,3.879,2.491,0,8.897,0,1
2288,4.796,3.461,1,0,1,0,2,42.9,0,2,2,0,3.445,1.185,9.882,4,1.061,1.121,0,1,0,1.273,1,0,1,0,2.243,0.015,0,20.2,1.686,0,2,2,0,3.939,3.144,1,8.823,0,1
2275,4.17,2.984,0,0,0,0,0,30.8,1,1,0,0,2.466,0.971,8.597,1,0.989,1.144,0,0,0,1.172,0,0,0,0,1.848,0.376,0,0,1.542,0,0,0,1,3.152,2.867,0,6.996,0,0
2425,5.055,2.392,0,0,0,0,3,48.3,1,1,0,0,3.618,0.648,10.357,3,0.983,1.107,0,0,0,1.299,2,0,0,0,2.345,0,0,0,2.644,0,1,0,1,3.735,2.156,0,8.621,0,0
2402,4.303,3.298,0,0,0,0,0,38.5,0,0,0,0,2.724,0.862,9.067,0,0.981,1.134,0,0,0,1.333,1,0,0,1,2.115,0.13,0,0,0.956,0,0,2,0,3.608,2,1,7.764,0,0
2305,4.702,2.98,0,0,2,0,2,39.1,1,2,3,-0.444,3.394,1.695,9.965,3,1.008,1.13,0,0,0,1.232,1,0,0,0,2.233,0.004,0,10.759,2.642,0,1,2,1,3.663,2.5,1,8.363,0,0
2485,3.902,2.677,0,0,2,0,0,26.7,2,0,2,0,3.038,2.322,8.881,0,0.972,1.158,0,0,0,1.145,0,0,0,0,1.919,-0.022,0,0,4.086,0,0,2,4,2.946,2,2,7.193,0,0
2014,5.512,1.568,0,0,2,1,8,47.4,2,2,4,0,4.346,0.541,11.302,8,0.991,1.112,0,0,0,1.287,4,0,0,0,2.431,0,0,0,5.531,0,6,4,4,3.811,2.116,2,9.413,0,0
2209,3.98,2.912,0,0,0,0,0,32.4,2,0,0,0,3.794,3.459,9.814,0,0.961,1.14,0,0,0,1.21,0,0,0,0,1.981,0,0,0,8.931,0,0,0,0,2.999,1.545,0,7.997,0,0
2365,4.675,4.241,0,0,0,0,0,26.5,3,3,3,0,3.363,1.776,10.007,0,0.998,1.155,0,0,0,1.133,0,0,0,0,2.175,0.004,0,0,2.211,0,0,3,3,3.297,2.654,1,7.895,0,0
2073,5.495,2.668,0,0,0,3,6,40.7,9,1,0,0,4.071,1.082,11.457,4,0.972,1.123,0,0,0,1.284,2,0,0,0,2.488,0,0,0,3.069,0,1,0,1,3.897,1.99,0,9.12,0,0
2263,5.313,3.432,1,0,1,0,2,33.3,0,3,2,0,3.501,1.16,10.388,6,1.045,1.127,0,0,0,1.23,1,0,0,0,2.311,-0.008,0,20.918,1.833,0,2,2,3,4.735,3.295,1,9.51,0,0
2638,5.379,3.834,3,0,8,0,6,32.1,2,8,8,-1.638,5.549,2.218,11.225,10,1.031,1.131,0,0,0,1.346,1,0,0,0,2.508,0,0,38.252,3.402,0,4,7,6,10.702,2.845,3,15.319,0,3
2379,5.173,3.698,0,0,0,1,0,27.3,3,2,0,0,2.876,1.5,9.921,2,0.993,1.151,0,0,0,1.121,0,0,0,0,2.157,-0.076,0,0,1.97,0,0,0,1,3.316,2.469,0,7.415,0,0
2076,5.268,4.008,4,0,0,0,6,40,0,2,0,0,3.962,1.197,10.51,4,1.068,1.114,0,0,0,1.296,1,0,1,0,2.439,0.001,0,0,1.098,0,6,0,0,4.252,2.675,0,9.448,0,4
2607,4.303,3.045,0,0,0,0,0,31.3,2,1,0,0.343,2.623,1.459,8.815,2,0.984,1.143,0,0,0,1.151,0,0,0,0,1.932,-0.218,0,10.181,1.745,0,0,0,0,3.299,2.611,0,7.257,0,0
2171,4.965,2.424,1,0,1,0,3,46.7,1,0,1,0,3.78,1.125,10.38,0,0.987,1.112,0,0,0,1.316,2,0,1,0,2.35,0,0,0,2.527,0,1,2,0,3.935,2.049,1,8.948,0,1
2090,4.7,1.743,2,0,16,0,4,34.4,0,0,22,0.564,4.507,0.591,11.007,0,1.006,1.147,0,0,0,1.238,2,0,1,0,2.241,0,0,0,10.882,0,4,6,10,3.883,2.34,10,9.632,0,2
2582,5.141,3.773,3,0,0,0,5,41.2,0,2,0,0,3.775,1.124,10.31,4,1.068,1.112,0,0,0,1.291,1,0,1,0,2.38,0.004,0,0,1.232,0,5,0,1,4.18,2.847,0,9.227,0,3
2277,4.543,2.086,0,0,0,0,1,42.9,0,2,0,0,3.307,0,9.765,3,1.003,1.119,0,0,0,1.21,2,0,0,0,2.266,0.004,0,0,2.905,0,1,0,0,3.584,2.091,0,8.271,0,0
2298,4.732,3.286,0,0,1,0,2,40,0,1,2,0,3.011,0.875,9.579,2,1.005,1.13,0,0,0,1.234,1,0,0,0,2.194,0.046,0,0,0.854,0,2,2,3,3.663,2.667,1,7.991,0,0
2124,5.015,1.788,0,0,5,0,5,43.5,2,1,6,0.119,4.319,1.187,11.065,3,0.984,1.121,0,0,0,1.285,3,0,0,0,2.361,0,0,0,6.15,1,2,6,0,3.787,2.124,3,9.3,0,0
2391,5.512,2.392,0,0,4,1,4,48.6,2,2,2,0,3.981,1.311,10.893,4,1.005,1.112,0,0,0,1.295,2,0,0,0,2.426,0,0,0,3.534,0,2,0,0,3.795,2.472,2,9.073,0,0
2003,5.014,1.937,3,1,10,0,6,43.9,1,0,12,0,4.364,1.423,10.971,0,1.013,1.117,0,0,0,1.335,4,0,1,0,2.439,0,0,0,5.224,0,4,11,0,4.354,2.297,5,9.78,0,2
2540,5.071,3.569,2,0,2,0,4,41.2,0,2,2,-1.144,3.683,1.124,10.277,4,1.062,1.121,0,0,0,1.269,1,0,1,0,2.353,0.004,0,10.528,1.513,0,3,2,3,4.053,3.13,1,9.064,0,2
2608,4.732,3.209,0,0,0,0,0,42.9,0,2,1,-0.99,3.162,1.187,9.642,2,1.037,1.125,0,0,0,1.215,1,0,0,0,2.194,-0.027,0,10.138,1.659,0,0,3,1,3.685,3.037,1,8.194,0,0
2633,5.666,1.347,0,0,2,2,4,42.1,2,4,2,-0.865,4.489,0.848,11.578,15,0.989,1.121,0,0,0,1.244,4,0,0,0,2.496,0,0,11.484,7.079,1,0,3,3,3.783,2.243,1,9.438,0,0
2105,5.014,1.749,3,1,11,0,6,43.9,0,0,11,0,4.768,1.625,10.896,0,1.008,1.112,0,0,0,1.373,4,1,0,0,2.438,0,1,0,5.876,0,3,9,1,6.892,2.192,5,12.322,0,2
2610,5,3.821,0,0,4,0,3,36.8,0,6,4,-1.457,3.731,1.254,10.466,12,1.108,1.14,0,2,0,1.177,1,0,0,0,2.358,-0.001,0,51.868,1.609,0,2,4,1,3.945,3.844,2,9.054,0,0
2466,4.476,3.606,0,0,1,0,0,29.4,1,2,1,-0.332,2.97,1.5,9.345,3,1.017,1.152,0,0,0,1.165,0,0,0,0,2.042,-0.085,0,20.443,2.34,0,0,1,1,3.443,3.167,1,7.831,0,0
2541,4.832,3.237,1,0,8,0,0,29,4,0,11,0,3.692,1.564,10.314,0,1.004,1.159,0,0,0,1.229,1,0,1,0,2.303,-0.001,0,0,2.657,0,0,4,2,3.952,2.252,5,8.821,0,1
2119,5.39,1.367,0,1,14,0,12,54.5,0,5,14,-1.344,4.641,0.551,11.712,20,1.024,1.101,0,0,0,1.299,13,0,0,0,2.561,0,0,52.471,4.905,0,2,8,4,4.05,2.551,4,9.869,0,0
2156,6.276,7.402,1,0,1,7,0,26.3,2,3,1,0,4.456,1.883,12.051,6,1.199,1.282,0,0,1,0.962,0,0,0,0,2.664,0,0,22.519,4.241,0,0,2,1,4.744,5.222,1,9.938,0,15
2556,4.863,2.447,1,0,0,0,3,54.5,0,0,0,0,3.621,0.569,10.135,0,0.988,1.092,0,0,0,1.348,2,0,1,0,2.3,0.001,0,0,2.241,0,1,0,0,3.89,2.085,0,8.838,0,1
2279,3.618,2.294,0,0,0,0,0,30.8,0,1,0,0,2.447,0,8.412,0,0.989,1.144,0,0,0,1.187,1,0,0,0,2,-0.204,0,0,0.579,0,0,0,0,3.078,1.9,0,6.8,0,0
2071,4.698,1.829,0,2,12,0,5,48.6,0,1,16,0,4.074,0.393,10.675,2,1.004,1.116,0,0,0,1.286,3,0,0,0,2.272,0,0,0,5.347,0,5,12,1,3.758,2.275,4,9.147,0,0
2617,5.475,1.738,1,0,5,1,1,35.6,2,4,5,-1.229,4.137,0.882,11.23,7,1.014,1.133,0,0,0,1.229,4,0,0,0,2.627,0,0,23.711,4.912,1,0,8,4,4.029,2.538,3,9.255,0,0
2420,5.248,4.536,0,1,0,2,0,30.8,4,0,10,0,3.364,1.792,10.573,0,0.993,1.157,1,0,0,1.239,0,0,0,0,2.247,-0.008,0,0,3.06,0,0,10,2,3.557,2.708,4,8.339,0,0
2451,4.958,3.556,0,0,1,0,3,38.9,1,3,2,0,3.375,1.16,10.099,6,1.041,1.132,0,1,0,1.226,1,0,0,0,2.303,-0.008,0,20.357,1.602,0,2,2,1,3.88,3.182,1,8.601,0,0
2080,5.727,2.262,3,0,0,1,10,46.7,2,5,0,0,4.844,0.68,11.583,18,1.025,1.097,0,0,0,1.329,5,1,0,0,2.652,0,1,25.889,2.157,1,5,0,2,6.882,2.546,0,12.355,0,2
2336,5.475,3.574,6,0,0,1,0,45.5,0,0,0,0.279,3.996,0.791,10.654,0,1.145,1.083,0,0,0,1.392,1,0,1,0,2.495,-0.008,0,0,0.886,0,0,0,0,4.378,2.962,0,9.643,0,6
2553,4.788,2.252,1,0,3,0,4,42.9,0,2,5,-0.17,3.994,1.329,10.632,7,1.01,1.122,0,0,0,1.273,2,0,1,0,2.297,0,0,11.491,4.181,0,4,2,1,3.88,2.372,2,9.146,0,1
2115,4.97,1.916,3,1,10,0,6,44.7,0,0,12,0,4.338,1.352,10.948,0,1.017,1.115,0,0,0,1.343,4,0,1,0,2.428,0,0,0,5.193,0,4,10,0,4.328,2.329,5,9.773,0,2
2389,5.337,5.335,0,1,8,2,0,33.3,6,0,12,0,3.736,2.059,10.865,0,0.982,1.146,0,0,0,1.26,0,0,0,0,2.324,0,0,0,3.763,0,0,10,0,3.658,2.398,4,8.654,0,0
2467,4.17,3.193,0,0,0,0,0,25,1,1,0,0.005,2.488,0.971,8.597,1,1.007,1.163,0,0,0,1.126,0,0,0,0,1.848,0.399,0,9.701,1.542,0,0,1,1,3.307,3.033,1,7.233,0,0
2658,5.392,2.515,1,0,8,0,2,35.5,0,3,8,0,3.973,0.92,10.824,6,1.032,1.136,0,0,0,1.241,2,0,0,0,2.376,0,0,24.008,3.583,0,3,5,3,4.71,2.715,4,9.699,0,0
2323,5.188,2.395,4,0,2,1,0,37.5,0,2,2,-0.508,4.04,1.274,10.841,6,1.051,1.114,0,0,0,1.302,3,0,0,0,2.497,0,0,23.805,2.276,2,0,3,0,4.37,2.776,1,9.494,0,3
2446,5.346,1.933,1,0,0,0,5,50,0,4,0,0,4.352,0.335,11.134,16,1.002,1.098,0,0,0,1.31,4,0,0,0,2.414,0,0,13.638,3.726,0,3,0,0,4.442,2.229,0,9.744,0,0
2398,4.807,3.513,3,0,0,0,0,45.5,0,0,1,0,3.595,0.881,9.833,0,1.076,1.106,0,0,0,1.367,1,0,1,0,2.246,-0.026,0,0,1.06,0,2,2,0,4.104,2.704,1,9.109,0,3
2598,4.833,3.052,0,0,0,0,2,40.9,1,3,0,-0.409,3.404,1.695,9.991,7,1.018,1.123,0,0,0,1.215,1,0,0,0,2.263,0.004,0,11.064,2.414,0,1,0,1,3.72,2.75,0,8.372,1,0
2520,4.414,3.031,0,0,0,0,0,28.6,3,1,0,0,2.72,1.379,9.222,1,0.977,1.148,0,0,0,1.178,0,0,0,0,2,0.12,0,0,2.133,0,0,0,1,3.134,2.31,0,7.141,0,0
2663,5.26,2.896,0,0,4,0,0,33.3,0,2,8,-0.722,3.53,0.808,10.537,7,1.039,1.154,0,0,0,1.216,3,0,0,1,2.476,0.001,0,22.814,0.979,0,0,5,1,3.903,2.782,4,8.68,0,0
2321,5.046,2.457,2,0,3,0,3,47.6,1,1,6,0.053,3.85,0.648,10.6,2,1.021,1.089,0,0,0,1.38,6,0,0,0,2.457,0,0,11.192,1.61,0,0,6,0,4.262,2.311,2,9.316,0,0
2620,5.297,2.959,0,0,6,0,0,33.3,0,2,9,-0.677,3.591,0.802,10.655,7,1.03,1.152,0,0,0,1.22,3,0,0,1,2.505,-0.001,0,23.161,1.097,0,0,5,0,3.948,2.69,4,8.762,0,0
2278,4.233,2.063,0,0,0,0,0,33.3,0,2,0,0,2.946,2.25,9.096,2,1.004,1.139,0,0,0,1.136,1,0,0,0,2.235,0.044,0,0,2.999,0,0,0,0,3.341,2.229,0,7.712,0,0
2102,5.164,2.524,4,0,0,0,4,50,1,0,0,0,4.133,0.946,10.629,0,1.017,1.096,0,0,0,1.367,2,0,1,0,2.396,0,0,0,2.485,0,2,0,0,4.023,2.321,0,9.529,0,4
2144,4.953,2.613,3,0,0,0,6,50,0,2,0,0,4.037,0.732,10.578,6,1.043,1.097,0,0,0,1.322,2,0,1,0,2.346,0,0,0,3.061,0,6,0,1,4.022,2.578,0,9.422,0,3
2250,5.142,2.61,0,0,0,0,4,58.3,0,0,0,0,3.606,0,10.417,0,0.976,1.087,0,0,0,1.373,6,0,0,0,2.435,0,0,0,1.322,0,0,0,0,3.991,1.905,0,8.815,0,0
2427,5.116,2.972,0,0,0,0,4,52.4,0,2,0,0,3.532,0.985,10.31,5,1.009,1.099,0,0,0,1.304,3,0,0,0,2.401,0.001,0,10.681,1.274,0,1,0,1,3.923,2.59,0,8.674,0,0
2186,5.244,1.945,0,1,15,0,9,46.3,1,5,15,-0.572,4.479,0.946,11.3,12,1.021,1.118,0,1,0,1.267,5,0,0,0,2.474,0,0,35.706,4.924,0,6,11,2,3.996,2.564,4,9.653,0,0
2069,5.123,2.245,0,1,10,0,7,48.6,2,1,10,0,3.98,0.61,10.824,2,0.992,1.111,0,0,0,1.313,4,0,0,0,2.414,0,0,0,3.8,0,3,6,1,3.939,2.175,2,9.128,0,0
2588,4.461,3.668,0,1,2,0,0,26.1,2,1,4,0,3.011,1.891,9.202,2,0.993,1.161,0,0,0,1.152,0,0,0,0,2.053,0.043,0,9.961,2.244,0,0,4,0,3.318,2.444,2,7.563,0,0
2106,5.092,1.78,0,0,12,0,12,41.9,0,10,16,0,4.716,1.022,11.566,20,1.05,1.129,0,4,0,1.231,4,0,0,2,2.433,0,0,90.179,6.017,0,10,16,2,3.971,2.952,6,9.987,0,0
2654,4.939,1.459,0,0,3,0,4,37.3,1,4,2,0,4.241,0.659,10.787,9,0.99,1.131,0,0,0,1.214,2,0,0,0,2.322,0,0,0,10.312,0,1,2,4,3.733,2.2,1,9.017,0,0
2244,3.942,2.774,0,0,0,0,0,30.8,2,1,0,0,3.292,2.777,9.207,1,0.97,1.144,0,0,0,1.175,0,0,0,0,1.95,0.003,0,0,5.294,0,0,0,1,2.971,1.885,0,7.475,0,0
2194,5.351,4.944,1,0,0,0,0,31.4,3,4,0,-1.556,4.608,2.416,10.608,7,0.988,1.132,0,0,0,1.304,0,0,0,0,2.329,0,0,22.441,3.415,0,0,0,1,10.323,2.416,0,14.009,0,0
2203,3,2.595,1,0,0,0,0,0,0,2,0,0,2.466,0.918,6.594,0,1.128,1.139,0,0,0,1.25,0,0,0,0,1.414,1.049,0,8.458,1.333,0,0,0,1,3.928,4.87,0,8.211,0,0
2377,3.414,2.105,0,0,0,0,0,25,2,1,0,0,2.182,1,7.408,1,0.988,1.156,0,0,0,1.068,0,0,0,0,1.618,-0.547,0,0,1.707,0,0,0,1,2.768,2.75,0,6.192,0,0
2376,3.618,2.282,0,0,0,0,0,26.7,2,1,0,0,2.386,1.522,7.853,1,0.983,1.152,0,0,0,1.115,0,0,0,0,1.732,0.342,0,0,2.094,0,0,0,1,2.833,2.5,0,6.446,0,0
2287,4.77,3.374,1,0,1,0,2,42.9,0,2,2,0,3.445,1.185,9.882,4,1.061,1.121,0,1,0,1.273,1,0,1,0,2.236,0.015,0,20.149,1.74,0,2,2,0,3.925,3.144,1,8.823,0,1
2283,3.732,2.419,2,0,0,0,0,28.6,2,0,0,0,4.115,1.585,8.16,0,0.991,1.126,0,0,0,1.394,0,1,0,0,1.802,-0.193,1,0,2.488,0,0,0,0,6.868,1.917,0,12.254,0,2
2512,5.814,2.433,0,0,0,2,0,34.5,3,1,0,0,3.227,0.845,10.926,4,0.975,1.136,0,0,0,1.223,3,0,0,0,2.62,0.003,0,0,0.811,1,0,0,1,3.693,1.97,0,8.05,0,0
2501,5.306,1.748,0,0,6,0,10,52.4,2,2,10,-0.048,4.211,0.596,11.279,8,1.001,1.103,0,0,0,1.311,15,0,0,2,2.546,0,0,25.93,2.383,0,4,8,2,3.986,2.269,2,9.387,0,0
2249,4.861,2.888,0,0,0,0,2,55.6,0,0,0,0,3.258,0,9.863,0,0.974,1.092,0,0,0,1.362,3,0,0,0,2.303,-0.007,0,0,1.047,0,0,0,0,3.826,1.933,0,8.373,0,0
2002,4.958,1.994,1,1,13,0,6,41.3,2,2,15,0,4.33,1.476,11.064,4,1.014,1.127,0,1,0,1.296,4,0,0,0,2.422,0,0,21.767,5.289,0,3,13,0,4.297,2.482,6,9.68,0,0
2030,5.513,1.971,2,1,17,0,12,40.5,2,7,15,-0.663,4.762,1.229,11.68,20,1.02,1.123,0,0,0,1.255,5,0,1,0,2.48,0,0,39.702,6.079,0,9,12,2,4.725,2.505,4,10.243,0,1
2626,5.8,1.921,0,0,4,1,4,41.9,0,3,3,0,3.996,0.797,11.351,9,0.998,1.123,0,0,0,1.252,24,0,0,0,2.708,0,0,0,1.11,1,2,3,1,3.95,2.034,1,8.985,0,0
2176,5.079,2.731,1,1,14,0,7,38.9,3,3,19,-0.25,4.624,1.575,11.129,5,1.014,1.133,0,1,0,1.273,2,1,0,0,2.401,0,1,33.749,4.611,0,6,16,1,6.88,2.583,6,11.681,0,1
2580,5.343,2.08,0,0,0,0,9,56.8,1,0,0,0,4.005,0.418,11.077,0,0.975,1.09,0,0,0,1.378,18,0,0,0,2.582,0,0,0,1.679,0,0,0,0,4.118,1.81,0,9.272,0,0
2235,4.444,3.64,0,0,0,0,0,34.8,2,1,0,0.928,3.02,1.891,9.202,2,0.979,1.135,0,0,0,1.224,0,0,0,0,2.042,0.042,0,10.174,2.602,0,0,0,0,3.395,2.352,0,7.665,0,0
2619,5.317,3.192,3,0,4,0,0,22.5,2,7,4,0,4.137,2.125,10.904,14,1.049,1.156,0,0,0,1.133,1,0,0,0,2.417,0,0,12.461,3.23,0,0,2,6,4.396,3.081,2,9.553,0,2
2034,5.2,1.972,6,0,0,0,8,57.1,0,2,0,-0.006,4.476,0.691,11.236,6,1.058,1.061,0,0,0,1.403,6,0,1,0,2.57,0,0,25.54,2.815,0,6,0,0,4.299,2.588,0,10.014,0,4
2455,4.893,1.956,0,0,12,0,3,50,0,3,9,0,4.239,0,10.88,12,1.014,1.11,0,0,0,1.276,4,0,0,0,2.358,0,0,0,2.984,0,3,0,0,3.845,2.204,3,9.311,0,0
2385,5.003,2.929,1,0,0,0,3,52.6,0,0,0,0,3.468,0.629,10.084,0,0.98,1.083,0,0,0,1.403,3,0,0,0,2.351,0.004,0,0,1.075,0,1,0,0,3.961,2.02,0,8.707,0,0
2151,6.212,6.979,1,0,1,5,0,24,1,2,1,0,4.135,1.568,11.712,4,1.226,1.299,0,0,1,0.952,0,0,0,0,2.621,0,0,20.981,2.997,0,0,1,1,4.726,5.413,1,9.759,0,11
2046,5.023,1.583,2,2,14,0,12,43.9,6,4,22,-2.154,4.86,0.807,11.667,6,1.01,1.121,0,0,0,1.291,4,0,1,0,2.394,0,0,50.233,8.673,0,6,18,2,4.006,2.47,6,10.054,0,2
2113,5.063,2.615,4,0,0,0,6,52.2,0,1,0,0,4.937,0.732,10.592,4,1.029,1.072,0,0,0,1.461,2,1,0,0,2.364,0,1,0,3.063,0,6,0,0,6.953,2.147,0,12.967,0,4
2632,5.542,2.43,0,0,1,3,0,31.4,10,13,2,-1.172,4.768,0.881,12.041,42,1.004,1.143,0,0,0,1.156,3,0,0,0,2.487,0,0,27.876,3.306,7,0,2,5,3.672,2.472,1,9.566,0,0
2308,4.679,3.215,0,0,0,0,2,40,0,2,0,0,3.203,1.261,9.715,4,1.004,1.125,0,0,0,1.213,1,0,0,0,2.222,0.014,0,0,1.695,0,2,0,0,3.658,2.233,0,8.111,0,0
2603,5.073,2.917,0,0,0,0,2,37.5,2,6,0,-1.952,4.054,2.729,10.621,13,1.012,1.13,0,0,0,1.19,1,0,0,0,2.353,0,0,35.588,5.327,0,0,0,0,3.796,2.597,0,8.943,2,0
2661,5.823,2.107,0,0,6,2,3,39.3,1,8,5,-6.46,4.393,0.937,11.76,28,1.028,1.129,0,0,0,1.209,10,0,0,0,2.676,0,0,38.418,2.077,4,1,3,7,3.993,2.927,2,9.486,0,0
2309,4.813,3.229,0,0,0,0,2,42.1,0,3,0,-0.941,3.335,1.273,9.947,6,1.027,1.12,0,0,0,1.204,1,0,0,0,2.259,-0.008,0,10.414,1.86,0,1,0,1,3.72,2.864,0,8.342,0,0
2352,5.262,4.58,1,0,0,0,0,27.3,3,4,0,0,3.72,2.498,10.298,12,0.992,1.145,0,0,0,1.176,0,0,0,0,2.255,0,0,12.171,2.904,0,0,0,0,4.415,2.224,0,9.106,0,0
2299,5.012,2.603,0,0,4,0,6,41.2,0,2,4,0,3.799,1.066,10.634,4,1.001,1.127,0,0,0,1.239,2,0,0,0,2.382,0,0,0,2.695,0,4,4,4,3.832,2.278,2,8.843,0,0
2042,5.171,3.089,1,1,16,0,8,35.3,4,10,16,-1.519,4.853,1.939,11.416,13,1.042,1.14,0,2,0,1.216,2,1,0,0,2.444,0,1,80.579,4.766,0,8,17,1,6.88,2.892,6,11.72,0,1
2460,4.499,2.991,0,0,0,0,1,50,0,0,0,0,3,1.125,9.311,0,0.971,1.104,0,0,0,1.323,1,0,0,0,2.136,0.043,0,0,1.481,0,0,0,0,3.58,2.083,0,7.926,0,0
2129,5.097,2.786,0,1,18,0,7,40,3,3,22,-0.29,4.396,1.585,11.149,5,1.014,1.135,0,1,0,1.259,2,0,0,0,2.409,0,0,33.815,4.64,0,5,17,1,3.948,2.682,7,9.531,0,0
2604,5.366,3.633,1,0,1,0,2,33.3,0,3,2,0,3.501,1.16,10.405,6,1.045,1.127,0,0,0,1.23,1,0,0,0,2.342,-0.008,0,21.059,1.661,0,2,2,3,4.739,3.295,1,9.511,0,0
2220,3.95,2.785,0,0,0,0,0,31.8,2,0,0,0,3.345,2.807,9.296,0,0.96,1.142,0,0,0,1.205,0,0,0,0,1.956,-0.002,0,0,5.698,0,0,0,0,2.971,1.571,0,7.516,0,0
2515,4.593,2.74,0,0,0,0,1,44.4,0,2,0,-0.786,3.233,1.461,9.665,2,1.011,1.116,0,0,0,1.245,1,0,0,0,2.175,0.014,0,10.169,2.298,0,0,0,1,3.59,2.783,0,8.192,0,0
2474,4.236,2.901,0,0,0,0,0,31.4,1,2,0,-0.661,3.345,2.565,9.458,2,0.982,1.142,0,0,0,1.171,0,0,0,0,1.983,0.004,0,10.173,5.169,0,0,0,1,3.329,2.321,0,7.84,0,0
2546,4.862,3.049,1,0,3,0,3,37,1,1,5,-0.162,3.655,1.618,10.32,3,1.006,1.135,0,0,0,1.268,1,0,1,0,2.292,0.001,0,11.28,2.902,0,2,2,1,3.928,2.448,2,8.841,0,1
2201,4.926,4.205,7,0,0,0,0,31.6,2,0,0,0,4.292,2.458,10.51,0,1.02,1.132,0,0,0,1.296,0,0,1,0,2.254,0,0,0,4.839,0,0,0,0,3.951,2.436,0,9.675,0,7
2202,6.342,8.083,0,0,0,16,0,31.6,2,1,0,0,4.976,2.028,12.713,1,1.264,1.339,0,0,1,0.908,0,0,0,0,2.709,0,0,0,7.102,0,0,0,1,4.016,5.635,0,9.98,0,33
2536,4.522,1.816,0,0,0,0,1,37.5,1,0,0,0,3.674,3.012,9.918,0,0.964,1.13,0,0,0,1.255,1,0,0,0,2.158,0,0,0,6.622,0,0,0,0,3.553,1.676,0,8.269,0,0
2110,4.97,1.882,3,1,11,0,6,42.6,1,2,12,-0.328,4.485,1.703,11.078,1,1.023,1.12,0,0,0,1.31,4,0,1,0,2.428,0,0,10.966,5.718,0,4,11,0,4.328,2.446,5,9.859,0,2
2136,5.509,2.289,1,1,13,1,8,37.5,5,5,16,0,4.451,1.157,11.469,8,1.023,1.136,0,2,0,1.243,4,0,1,0,2.521,0,0,44.833,4.623,2,6,16,1,4.062,2.704,5,9.699,0,1
2016,5.189,1.562,0,0,28,0,0,55.6,0,0,20,0,4.84,0,11.742,0,0.998,1.102,0,0,0,1.355,24,0,0,0,2.525,0,0,0,1.875,0,0,24,0,4.092,2.056,8,10.09,0,0
2053,6.213,6.677,0,0,0,6,0,29.6,2,1,0,0,4.101,1.673,11.72,1,1.22,1.31,0,0,1,0.913,0,0,0,0,2.622,0,0,0,3.183,0,0,0,1,3.921,5.477,0,9.052,0,13
2172,5.359,1.946,0,1,22,0,5,42.9,1,4,20,-0.524,4.535,1.543,11.401,8,1.012,1.127,0,0,0,1.258,7,0,0,0,2.528,0,0,26.366,4.801,0,2,13,2,3.987,2.419,6,9.62,0,0
2078,5.123,2.287,0,1,10,0,6,48.6,0,2,9,0,3.987,0.741,10.766,4,1.005,1.112,0,0,0,1.286,4,0,0,0,2.414,0,0,0,3.785,0,4,6,1,3.938,2.262,2,9.109,0,0
2511,4.895,3.304,1,0,2,0,3,41.2,0,2,2,-1.006,3.489,1.16,10.099,4,1.043,1.124,0,0,0,1.246,1,0,1,0,2.292,-0.008,0,10.366,1.696,0,2,2,3,3.937,3.071,1,8.749,0,1
2380,4.393,3.583,0,0,0,0,0,34.5,4,1,0,2.631,3.203,2.187,9.562,1,0.975,1.136,0,0,0,1.225,0,0,0,0,2.048,0.013,0,0,3.684,0,0,0,1,3.348,2.167,0,7.905,0,0
2614,4.807,3.173,0,0,0,0,0,33.3,0,2,2,-2.699,3.193,0.881,9.833,4,1.105,1.181,0,0,0,1.126,1,0,0,0,2.246,-0.029,0,20.354,1.06,0,0,2,2,3.678,3.778,2,8.212,0,1
2207,3.981,2.922,0,0,0,0,0,32.4,2,0,0,0,3.838,3.567,9.863,0,0.961,1.14,0,0,0,1.21,0,0,0,0,1.983,0,0,0,9.336,0,0,0,0,3.002,1.543,0,8.043,0,0
2439,5.366,3.194,0,0,0,1,2,40,3,1,0,0,3.272,1.16,10.405,3,0.981,1.125,0,0,0,1.265,1,0,0,0,2.342,-0.007,0,0,1.661,0,1,0,1,3.725,2.235,0,8.247,0,0
2586,4.214,2.716,0,0,0,0,0,27.8,2,1,0,0,2.567,1.459,8.755,1,0.979,1.15,0,0,0,1.146,0,0,0,0,1.902,-0.206,0,0,2.052,0,0,0,1,3.044,2.389,0,6.861,0,0
2134,5.054,2.386,2,1,8,0,6,38.5,0,6,14,-0.715,4.693,1.883,11.128,10,1.036,1.13,0,1,0,1.246,2,1,1,0,2.375,0,1,44.822,5.613,0,6,12,0,6.88,2.725,4,11.697,0,2
2421,4.845,3.232,2,0,0,0,3,43.8,1,1,0,0,3.523,1.185,9.902,2,1.032,1.11,0,0,0,1.307,1,0,1,0,2.267,0.014,0,0,1.393,0,2,0,1,4.004,2.672,0,8.882,0,2
2489,4.891,2.42,0,0,0,0,3,50,1,0,0,0,3.542,0.816,10.187,0,0.971,1.104,0,0,0,1.321,2,0,0,0,2.314,-0.001,0,0,2.358,0,0,0,0,3.743,1.893,0,8.54,0,0
2262,5.318,3.521,1,0,1,0,2,33.3,0,3,2,0,3.501,1.16,10.388,6,1.045,1.127,0,0,0,1.23,1,0,0,0,2.318,-0.008,0,20.97,1.782,0,2,2,3,4.735,3.295,1,9.51,0,0
2118,5.146,2.35,1,1,14,0,9,41,1,6,19,-0.376,4.802,1.239,11.385,11,1.029,1.128,0,2,0,1.264,3,1,0,0,2.438,0,1,57.392,4.874,0,8,17,1,6.88,2.695,6,11.716,0,1
2573,4.97,2.267,1,0,3,0,1,41.4,1,2,3,1.299,3.767,0.625,10.368,3,1.005,1.115,0,0,0,1.275,2,0,0,0,2.313,0,0,11.908,3.309,0,1,3,1,3.92,2.281,1,8.916,0,0
2193,5.136,1.958,1,0,0,0,3,52.9,0,0,0,0,5.331,0,10.547,0,0.97,1.081,0,0,0,1.485,3,0,0,0,2.394,0,0,0,1.935,0,0,0,0,17.583,1.869,0,17.202,0,0
2348,4.815,1.636,1,0,0,0,6,38.1,3,3,0,0,4.735,2.335,11.225,12,0.974,1.126,0,0,0,1.261,3,0,0,0,2.323,0,0,0,5.947,0,3,0,0,4.028,1.787,0,9.633,0,0
2018,5.123,2.276,0,1,10,0,6,50,1,1,10,0,3.939,0.548,10.737,2,0.995,1.109,0,0,0,1.311,4,0,0,0,2.413,0,0,0,3.631,0,3,6,1,3.938,2.2,2,9.08,0,0
2233,3.984,3.038,0,0,0,0,0,32,2,1,0,0,3.932,3.684,9.955,2,0.966,1.141,0,0,0,1.198,0,0,0,0,1.985,0,0,0,10.145,0,0,0,0,3.041,1.62,0,8.167,0,0
2009,4.913,1.956,0,2,14,0,7,44.2,0,4,18,0,4.287,0.845,10.988,8,1.029,1.126,0,1,0,1.249,3,0,0,0,2.335,0,0,21.325,5.539,0,7,14,1,3.857,2.613,5,9.442,0,0
2458,4.607,3.067,1,0,0,0,2,50,0,0,0,0,3.299,1.187,9.631,0,0.991,1.1,0,0,0,1.349,1,0,1,0,2.194,-0.025,0,0,1.544,0,1,0,0,3.873,2.272,0,8.534,0,1
2316,4.17,3.091,0,0,0,0,0,27.3,1,2,0,-0.745,2.512,0.971,8.597,2,1.028,1.151,0,0,0,1.068,0,0,0,0,1.848,0.413,0,9.368,1.542,0,0,0,1,3.321,3.633,0,7.252,0,0
2148,4.999,2.585,1,1,11,0,6,36.2,3,5,15,-0.647,4.425,2.042,11.085,7,1.02,1.139,0,1,0,1.219,2,0,1,0,2.376,0,0,33.954,4.854,0,6,14,1,3.992,2.556,5,9.554,0,1
2066,5.562,3.047,5,0,0,0,0,20,0,5,0,0,4.093,0.716,11.448,0,0.976,1.118,0,0,0,1.498,1,0,0,0,2.449,0,0,0,1.192,0,0,0,0,4.385,2.049,0,9.898,0,0
2640,5.266,4.711,0,0,2,1,0,27.3,2,4,2,-1.673,3.561,2.106,10.42,8,1.018,1.156,0,0,0,1.118,0,0,0,0,2.264,0.001,0,20.912,3.038,0,0,0,4,3.463,2.906,2,8.363,0,0
2665,5.389,2.923,1,0,5,0,2,33.3,2,3,4,-0.691,3.878,2.367,10.673,7,1.009,1.135,0,0,0,1.234,1,0,0,0,2.359,0,0,35.002,4.091,0,1,2,2,4.71,2.69,2,9.599,0,0
2228,3.902,2.648,0,0,0,0,0,31.3,2,0,0,0,3.012,2.322,8.881,0,0.96,1.143,0,0,0,1.202,0,0,0,0,1.919,-0.02,0,0,4.086,0,0,0,0,2.938,1.6,0,7.148,0,0
2146,5.67,1.89,0,0,5,4,0,33.3,4,2,5,0.132,4.066,0.638,11.479,7,0.979,1.141,0,0,0,1.212,3,0,0,0,2.595,0,0,13.211,2.662,3,0,9,2,3.751,1.91,2,8.823,0,0
2516,4.658,2.955,0,0,1,0,2,40,1,2,2,-0.115,3.324,1.455,9.9,3,1.015,1.129,0,0,0,1.227,1,0,0,0,2.22,-0.008,0,10.524,2.349,0,2,3,2,3.663,2.773,1,8.323,0,0
2022,5.138,1.721,0,2,18,0,7,48,1,0,19,0,4.296,0.67,11.007,0,0.992,1.116,0,0,0,1.304,5,0,0,0,2.423,0,0,0,5.649,0,5,15,1,3.934,2.057,5,9.394,0,0
2158,6.272,7.329,1,0,1,7,0,26.5,2,2,1,0,4.399,1.77,12.012,4,1.216,1.297,0,0,1,0.954,0,0,0,0,2.66,0,0,21.687,3.939,0,0,2,1,4.725,5.345,1,9.905,0,15
2364,4.771,3.569,0,0,1,0,0,30.2,3,3,1,0.052,3.77,2.946,10.082,3,0.985,1.147,0,0,0,1.16,0,0,0,0,2.183,0,0,11.834,6.56,0,0,3,2,3.441,2.283,1,8.241,0,0
2116,5.625,1.638,0,0,0,4,0,32.6,8,4,2,-0.113,4.387,0.672,11.705,10,0.982,1.142,0,0,0,1.207,2,0,0,0,2.473,0,0,24.794,10.366,4,0,12,0,3.623,2.056,2,9.181,0,0
2545,5.098,3.095,1,0,0,0,0,28.6,1,3,0,0,3.682,2.75,10.195,3,0.989,1.142,0,0,0,1.187,0,0,0,0,2.121,-0.001,0,20.845,6.218,0,0,0,1,4.692,2.464,0,9.407,0,0
2514,4.517,2.615,0,0,0,0,1,42.9,1,0,0,0,3.061,1.409,9.391,0,0.967,1.119,0,0,0,1.292,1,0,0,0,2.149,-0.023,0,0,2.036,0,0,0,0,3.552,1.852,0,7.873,0,0
2555,4.972,3.229,0,0,3,0,3,35.5,1,2,4,-0.452,3.594,1.697,10.363,5,1.001,1.139,0,0,0,1.22,1,0,0,0,2.327,-0.001,0,10.968,2.785,0,2,2,1,3.755,2.378,2,8.574,0,0
2217,3.966,2.846,0,0,0,0,0,32.1,2,0,0,0,3.537,3.146,9.522,0,0.96,1.141,0,0,0,1.207,0,0,0,0,1.97,0,0,0,6.909,0,0,0,0,2.985,1.559,0,7.724,0,0
2411,4.562,3.463,0,0,0,0,0,28.6,2,2,0,-0.185,2.673,0.918,9.184,2,1.014,1.149,0,0,0,1.143,0,0,0,0,2,-0.242,0,9.894,1.521,0,0,0,1,3.393,3.333,0,7.452,0,0
2060,5.818,2.184,8,0,0,1,16,54.1,0,5,0,-0.796,5.299,0.681,11.744,18,1.085,1.072,0,0,0,1.38,9,1,1,0,2.707,0,1,13.215,1.775,1,12,0,2,6.897,2.637,0,13.004,1,8
2177,5.044,2.553,1,1,12,0,7,42.2,4,0,14,0,4.42,1.257,10.907,0,0.991,1.124,0,0,0,1.316,2,1,0,0,2.376,0,1,0,4.406,0,4,11,0,6.88,2.163,4,11.65,0,1
2254,5.31,3.113,3,0,0,1,1,46.7,1,0,0,0,3.642,1.185,10.25,0,1.034,1.1,0,0,1,1.354,1,0,1,0,2.288,0.014,0,0,1.726,0,0,0,0,4.26,2.525,0,9.124,0,3
2448,5.772,1.895,0,0,2,1,8,44.4,4,3,4,-0.301,4.4,1.179,11.542,14,0.993,1.118,0,0,0,1.266,9,0,0,0,2.662,0,0,13.015,2.215,1,4,8,0,4.016,2.068,2,9.456,1,0
2236,3.848,2.57,0,0,0,0,0,29.2,2,1,0,0,2.826,2,8.584,1,0.975,1.147,0,0,0,1.153,0,0,0,0,1.879,-0.068,0,0,3.284,0,0,0,1,2.921,2.125,0,6.961,0,0
2010,6.293,7.547,1,0,1,8,0,26.8,2,3,1,0,4.549,1.886,12.166,6,1.207,1.288,0,0,1,0.957,0,0,0,0,2.675,0,0,22.604,4.624,0,0,2,1,4.744,5.27,1,9.999,0,17
2590,4.732,3.343,2,0,1,0,3,42.9,0,0,2,0,3.453,0.881,9.803,0,1.029,1.117,0,0,0,1.342,1,0,1,0,2.236,-0.025,0,0,0.95,0,3,2,2,3.996,2.58,1,8.861,0,2
2585,5.331,2.086,0,0,4,1,3,50,1,1,3,0.4,4.133,0.854,11.139,4,1.027,1.133,0,0,1,1.237,3,0,0,0,2.452,0,0,12.788,3.292,0,0,2,0,3.873,2.844,1,9.214,0,3
2341,4.38,3.071,0,0,0,0,0,32.3,2,3,0,-0.168,4.236,3.991,10.364,3,0.973,1.141,0,0,0,1.187,0,0,0,0,2.046,0,0,11.299,13.225,0,0,0,1,3.366,1.884,0,8.605,0,0
2416,4.414,3.112,0,0,0,0,0,26.3,2,2,0,0,2.756,1.379,9.222,2,0.998,1.153,0,0,0,1.118,0,0,0,0,2,0.132,0,0,2.133,0,0,0,2,3.158,2.881,0,7.205,0,0
2273,5.097,4.293,1,0,0,0,0,23.1,0,3,0,0,3.111,1.379,9.823,3,1.055,1.138,0,0,0,1.199,0,0,0,0,2.101,0.153,0,19.431,1.934,0,0,0,1,4.694,3.917,0,9.321,0,0
2351,5.332,2.157,1,0,0,0,6,44.7,3,4,0,0,4.232,0.596,11.081,15,1,1.109,0,0,0,1.299,3,0,0,0,2.383,0,0,13.31,2.893,0,3,0,0,4.441,2.243,0,9.662,0,0
2120,5.387,1.036,0,2,22,0,14,54.3,0,6,20,-1.26,4.89,0.48,11.931,24,1.025,1.102,0,0,0,1.303,15,0,0,0,2.551,0,0,52.753,7.43,0,2,12,4,4.046,2.473,6,10.123,0,0
2175,5.03,1.921,2,1,10,0,8,41.1,1,5,15,-0.348,4.581,0.993,11.24,8,1.031,1.128,0,1,0,1.254,3,0,1,0,2.387,0,0,33.433,6.141,0,8,14,3,4.008,2.659,5,9.806,0,2
2004,4.97,1.922,3,1,10,0,6,43.9,1,0,12,0,4.364,1.423,10.971,0,1.013,1.117,0,0,0,1.334,4,0,1,0,2.428,0,0,0,5.251,0,4,11,0,4.328,2.297,5,9.78,0,2
2524,4.562,3.804,0,0,0,0,0,30.8,4,2,0,-0.187,3.12,1.761,9.689,2,0.989,1.144,0,0,0,1.191,0,0,0,0,2.101,-0.024,0,10.413,2.874,0,0,0,0,3.399,2.433,0,7.825,0,0
2503,5.002,2.369,2,0,0,0,4,41.7,1,2,0,0,4.415,0.748,10.344,3,1.017,1.108,0,0,0,1.325,2,1,0,0,2.351,-0.001,1,0,2.747,0,3,0,0,6.928,2.107,0,12.283,0,2
2059,6.293,7.601,1,0,1,8,0,27.3,3,3,1,0,4.57,1.941,12.173,6,1.19,1.278,0,0,1,0.963,0,0,0,0,2.676,0,0,23.066,4.736,0,0,3,1,4.742,5.159,1,10.004,0,17
2246,3.902,2.674,0,0,0,0,0,30,2,1,0,0,3.039,2.322,8.881,1,0.972,1.145,0,0,0,1.162,0,0,0,0,1.919,-0.021,0,0,4.086,0,0,0,1,2.948,2,0,7.199,0,0
2286,5.294,4.147,5,0,1,0,6,42.9,0,2,2,0,4.083,1.044,10.589,4,1.153,1.105,0,1,0,1.338,1,0,1,0,2.447,0.001,0,21.069,1.398,0,6,2,0,4.314,3.325,1,9.689,0,5
2028,5.125,2.327,0,1,10,0,6,48.5,0,3,11,0,4.067,0.797,10.854,6,1.025,1.115,0,1,0,1.279,4,0,0,0,2.415,0,0,21.934,3.923,0,4,8,1,3.951,2.636,3,9.294,0,0
2245,3.919,2.713,0,0,0,0,0,30.3,2,1,0,0,3.131,2.55,9.002,1,0.971,1.145,0,0,0,1.17,0,0,0,0,1.932,0.012,0,0,4.489,0,0,0,1,2.957,1.955,0,7.3,0,0
2289,4.842,3.466,0,0,2,0,2,37.5,0,4,4,0,3.513,1.258,10.136,8,1.087,1.141,0,2,0,1.204,1,0,0,0,2.278,0.005,0,40.471,2.113,0,2,4,0,3.895,3.611,2,8.853,0,0
2569,4.882,3.317,0,0,1,0,0,41.2,0,4,1,-2.405,3.459,1.258,10.136,6,1.069,1.127,0,0,0,1.179,1,0,0,0,2.288,0.005,0,20.675,2.011,0,0,3,2,3.778,3.472,1,8.552,0,0
2454,4.941,1.403,0,0,6,0,8,54.2,0,0,8,0,4.275,0,11.075,0,0.982,1.099,0,0,0,1.344,7,0,0,2,2.376,0,0,0,5.295,0,4,8,2,3.884,1.94,2,9.422,0,0
2204,5.011,3.901,0,0,2,0,0,30.8,6,1,1,0,3.825,2.868,10.404,1,0.969,1.145,0,0,0,1.191,0,0,0,0,2.277,0,0,0,6.168,0,0,1,2,3.34,1.788,1,8.232,0,0
2616,5.145,2.094,0,0,1,0,4,45.5,0,0,1,1.417,3.926,1.369,10.757,0,0.973,1.115,0,0,0,1.313,6,0,0,0,2.448,0,0,0,2.827,0,0,1,0,3.833,1.825,1,8.908,0,0
2178,5.178,2.789,2,1,11,0,7,38,3,2,15,0,4.587,1.361,11.194,2,1.008,1.128,0,0,0,1.297,2,1,0,0,2.397,0,1,23.584,4.16,0,5,14,1,6.88,2.476,5,11.737,0,1
2662,5.203,2.929,0,0,5,0,0,33.3,0,2,8,-0.853,3.53,0.808,10.522,5,1.039,1.154,0,0,0,1.224,3,0,0,1,2.475,0.001,0,22.425,1.092,0,0,5,1,3.927,2.782,4,8.701,0,0
2216,3.942,2.758,0,0,0,0,0,31.7,2,0,0,0,3.271,2.777,9.207,0,0.96,1.142,0,0,0,1.205,0,0,0,0,1.95,0.003,0,0,5.294,0,0,0,0,2.965,1.577,0,7.436,0,0
2630,5.217,1.442,0,0,1,0,2,43.2,0,3,5,0.158,4.107,0.49,11.149,9,1.003,1.122,0,0,0,1.274,10,0,0,1,2.52,0,0,24.505,4.01,1,0,8,1,3.954,2.215,2,9.167,1,0
2576,4.562,3.123,1,0,0,0,2,46.2,0,1,0,0,4.384,0.875,9.54,2,1.004,1.09,0,0,0,1.502,1,0,0,0,2.17,0.044,0,0,1.14,0,2,0,1,10.695,2.432,0,14.22,0,1
2477,3.802,2.552,0,0,0,0,0,26.3,2,2,0,0,2.736,1.95,8.394,2,0.998,1.153,0,0,0,1.085,0,0,0,0,1.848,0.132,0,0,2.885,0,0,0,2,2.918,2.786,0,6.888,0,0
2659,5.391,2.521,1,0,5,0,2,35.7,1,3,6,0,3.882,0.732,10.775,6,1.032,1.132,0,0,0,1.263,2,0,0,0,2.383,0,0,23.777,3.229,0,2,6,3,4.71,2.74,3,9.681,0,0
2510,4.519,4.159,0,0,0,0,0,27.3,0,0,6,0,3.69,2.431,10.229,0,0.974,1.157,0,0,0,1.189,0,0,0,0,2.136,0,0,0,3.448,0,0,6,0,3.223,1.763,4,8.191,0,0
2423,3,1.633,0,0,0,0,0,27.3,2,0,0,0,1.842,0.918,6.594,0,0.958,1.151,0,0,0,1.185,0,0,0,0,1.414,0.646,0,0,1.333,0,0,0,0,2.556,1.833,0,5.638,0,0
2643,5.084,1.801,0,0,12,0,2,36.4,0,5,16,-3.054,4.428,1.658,11.266,7,1.03,1.144,0,0,0,1.206,4,0,0,0,2.417,0,0,34.311,6.278,0,1,15,7,3.981,2.788,8,9.526,0,0
2029,5.126,2.332,1,1,10,0,7,48.5,0,3,11,0,4.18,0.832,10.931,6,1.035,1.113,0,1,0,1.291,4,0,1,0,2.418,0,0,22.121,3.982,0,5,8,1,3.996,2.686,3,9.487,0,1
2180,5.243,1.974,0,1,15,0,9,46.9,0,6,17,-0.591,4.507,0.832,11.335,14,1.039,1.119,0,2,0,1.264,5,0,0,0,2.473,0,0,57.515,4.86,0,6,13,2,4.006,2.828,5,9.756,0,0
2007,5.058,2.533,3,1,8,0,7,38.1,2,4,12,0,4.401,1.487,11.015,4,1.045,1.133,0,1,0,1.255,2,0,1,0,2.385,0,0,21.604,4.881,0,7,12,2,4.095,2.815,4,9.715,0,3
2463,4.414,3.087,1,0,0,0,1,50,0,0,0,0,3.733,0.802,9.183,0,0.99,1.091,0,0,0,1.413,1,1,0,0,2.101,-0.075,1,0,0.975,0,1,0,0,6.879,2.06,0,11.588,0,1
2523,4.732,3.406,0,0,0,0,3,40,0,3,0,0,3.149,0.881,9.803,6,1.042,1.125,0,0,0,1.189,1,0,0,0,2.236,-0.027,0,0,0.95,0,3,0,3,3.721,3.222,0,8.164,0,0
2065,5.562,3.16,6,0,0,0,0,20,0,6,0,0,4.273,0.691,11.63,0,0.976,1.118,0,0,0,1.504,1,0,0,0,2.449,0,0,0,1.359,0,0,0,0,4.388,2.049,0,10.08,0,0
2374,4.373,3.04,0,0,1,0,0,31.1,1,2,1,-0.03,3.844,3.425,9.977,3,0.976,1.144,0,0,0,1.18,0,0,0,0,2.037,0,0,11.106,8.717,0,0,1,2,3.341,2.03,1,8.247,0,0
2650,5.119,2.706,0,0,3,0,0,33,4,5,1,-0.489,4.352,3.263,10.986,10,0.985,1.14,0,0,0,1.193,1,0,0,0,2.413,0,0,35.962,5.557,1,0,2,1,3.621,2.171,1,9.009,0,0
2366,4.5,3.878,0,0,3,0,0,31.6,3,0,3,0,3.929,3.122,10.115,0,0.963,1.143,0,0,0,1.202,0,0,0,0,2.12,0,0,0,4.698,0,0,3,0,3.177,1.58,1,8.198,0,0
2012,5.63,2.295,4,0,0,0,1,27.7,0,4,0,0,4.114,0.737,11.381,4,0.977,1.109,0,0,0,1.477,2,0,0,0,2.496,0,0,0,2.052,0,1,0,0,4.396,2.021,0,9.803,0,0
2303,4.642,3.221,0,0,0,0,2,41.2,0,2,0,0,3.118,1.187,9.631,4,1.011,1.122,0,0,0,1.217,1,0,0,0,2.2,-0.026,0,0,1.487,0,2,0,1,3.655,2.537,0,8.059,0,0
2291,5.182,3.616,0,0,0,1,0,26.1,3,3,0,0,3.01,1.837,9.966,4,1.007,1.154,0,0,0,1.096,0,0,0,0,2.175,0.045,0,0,2.244,0,0,0,3,3.309,3.028,0,7.499,0,0
2238,3.95,2.799,0,0,0,0,0,31,2,1,0,0,3.364,2.807,9.296,1,0.969,1.143,0,0,0,1.18,0,0,0,0,1.956,-0.002,0,0,5.698,0,0,0,1,2.976,1.857,0,7.552,0,0
2197,5.509,5.449,2,0,0,0,0,29.6,6,1,0,0,5.083,2.383,10.95,6,0.961,1.132,0,0,0,1.397,0,0,0,0,2.414,0,0,0,3.022,0,0,0,0,10.428,1.604,0,14.7,0,0
2295,4.616,2.966,0,0,1,0,2,38.1,1,1,2,0,3.191,1.461,9.69,2,0.993,1.133,0,0,0,1.23,1,0,0,0,2.203,0.014,0,0,2.063,0,2,2,2,3.643,2.233,1,8.085,0,0
2343,4.347,3.288,0,0,0,0,0,33.3,1,2,0,-0.318,3.223,2.3,9.338,4,0.99,1.139,0,0,0,1.189,0,0,0,0,2.011,0.014,0,10.504,4.098,0,0,0,0,3.423,2.424,0,7.847,0,0
2302,4.807,3.214,0,0,2,0,3,40,2,0,2,0,3.087,0.881,9.833,0,0.976,1.129,0,0,0,1.287,1,0,0,0,2.246,-0.024,0,0,1.06,0,1,2,2,3.703,2.111,1,8.099,0,0
2239,3.97,2.871,0,0,0,0,0,31.5,2,1,0,0,3.609,3.17,9.588,1,0.967,1.142,0,0,0,1.189,0,0,0,0,1.973,0,0,0,7.314,0,0,0,1,2.991,1.778,0,7.812,0,0
2623,5.306,1.943,0,0,3,0,4,40.5,0,3,6,-2.202,4.105,0.813,11.094,8,1.021,1.138,0,0,0,1.19,5,0,0,0,2.541,0,0,23.758,2.378,0,3,11,2,3.938,2.604,3,9.164,0,1
2033,5.51,1.561,1,0,4,0,8,53.1,0,4,5,-0.412,4.476,0.531,11.465,16,1.011,1.093,0,0,0,1.315,8,0,0,1,2.529,0,0,51.613,4.821,0,4,4,1,4.737,2.503,1,10.044,0,0
2353,5.355,2.285,1,0,0,0,6,44.7,3,4,0,0,4.232,0.596,11.107,18,1,1.109,0,0,0,1.303,3,0,0,0,2.407,0,0,13.511,2.775,0,3,0,0,4.444,2.243,0,9.664,0,0
2560,4.236,2.82,0,0,0,0,0,30.3,3,1,0,0,3.137,2.3,9.302,1,0.971,1.145,0,0,0,1.178,0,0,0,0,1.975,0.012,0,0,4.32,0,0,0,1,3.035,1.985,0,7.407,0,0
2472,4.236,2.894,0,0,0,0,0,31.3,1,2,0,-0.663,3.271,2.522,9.383,2,0.984,1.143,0,0,0,1.168,0,0,0,0,1.98,-0.007,0,10.134,4.746,0,0,0,1,3.329,2.389,0,7.783,0,0
2243,3.973,2.885,0,0,0,0,0,31.6,2,1,0,0,3.662,3.301,9.649,1,0.967,1.142,0,0,0,1.189,0,0,0,0,1.975,0,0,0,7.718,0,0,0,1,2.994,1.763,0,7.868,0,0
2218,3.992,2.996,0,0,0,0,0,32.7,2,0,0,0,4.257,4.158,10.319,0,0.961,1.14,0,0,0,1.213,0,0,0,0,1.992,0,0,0,14.194,0,0,0,0,3.021,1.529,0,8.479,0,0
2281,5.086,3.576,0,0,0,1,0,27.8,3,1,0,0,2.579,0.918,9.771,0,0.979,1.15,0,0,0,1.154,0,0,0,0,2.074,-0.212,0,0,1.372,0,0,0,0,3.29,2.125,0,7.207,0,0
2431,5.121,3.137,0,0,0,0,3,37.8,4,1,0,0,3.542,1.564,10.411,4,0.974,1.129,0,0,0,1.247,1,0,0,0,2.373,-0.001,0,0,2.301,0,1,0,1,3.765,2.044,0,8.405,0,0
2340,5.506,6.005,0,0,0,1,0,32.3,4,8,0,-3.252,4.172,2.798,10.911,17,1.01,1.141,0,0,0,1.159,0,0,0,0,2.408,0,0,48.77,3.427,0,0,0,0,3.673,2.658,0,8.954,0,0
2099,5.109,2.118,1,0,4,0,8,46.3,0,4,4,-0.47,4.221,0.942,11.032,10,1.02,1.112,0,0,0,1.272,4,0,1,0,2.426,0,0,12.612,4.029,0,5,3,2,3.975,2.464,1,9.428,0,1
2605,5.147,3.325,1,0,8,1,0,28.6,4,0,13,0,3.719,1.602,10.592,0,0.993,1.152,0,0,0,1.236,1,0,0,0,2.329,0,0,0,2.528,0,0,4,2,3.941,2.099,5,8.864,0,0
2211,3.97,2.862,0,0,0,0,0,32.1,2,0,0,0,3.594,3.17,9.588,0,0.961,1.141,0,0,0,1.209,0,0,0,0,1.973,0,0,0,7.314,0,0,0,0,2.988,1.556,0,7.785,0,0
2079,5.727,2.272,5,0,0,1,10,48.7,0,5,0,0,5.17,0.68,11.583,16,1.047,1.083,0,0,0,1.374,5,1,0,0,2.652,0,1,25.842,2.157,1,7,0,2,6.896,2.598,0,13.001,0,4
2440,4.807,3.317,1,0,0,0,3,43.8,1,1,0,0,3.297,0.881,9.833,2,1.012,1.113,0,0,0,1.294,1,0,1,0,2.246,-0.025,0,0,1.06,0,2,0,1,3.926,2.568,0,8.562,0,1
2307,4.821,3.102,0,0,1,0,2,40,1,2,2,-0.188,3.324,1.455,9.928,3,1.015,1.129,0,0,0,1.232,1,0,0,0,2.249,-0.008,0,10.543,2.209,0,2,3,2,3.688,2.773,1,8.326,0,0
2417,4.334,3.569,0,0,0,0,0,28.6,0,2,1,-0.359,2.853,1.557,8.944,3,1.029,1.154,0,0,0,1.14,0,0,0,0,1.97,0.155,0,10.023,2.195,0,0,1,2,3.401,3.381,1,7.59,0,0
2562,5.115,2.743,4,0,0,0,6,54.5,0,0,0,0,4.066,0.75,10.569,0,1.032,1.084,0,0,0,1.383,2,0,1,0,2.398,0,0,0,2.231,0,4,0,0,4.087,2.403,0,9.537,0,4
2104,5.402,2,0,0,8,0,8,50,0,3,8,-0.462,4.204,0.777,11.167,10,1.009,1.108,0,0,0,1.281,7,0,0,1,2.548,0,0,26.01,3.125,0,4,6,3,3.995,2.41,2,9.338,0,0
2393,4.732,3.368,3,0,0,0,3,50,0,0,0,0,3.588,0.881,9.803,0,1.052,1.09,0,0,0,1.397,1,0,1,0,2.236,-0.026,0,0,0.95,0,3,0,0,4.063,2.593,0,9.094,0,3
2206,3.991,2.992,0,0,0,0,0,32.7,2,0,0,0,4.228,4.087,10.288,0,0.961,1.14,0,0,0,1.213,0,0,0,0,1.992,0,0,0,13.789,0,0,0,0,3.02,1.529,0,8.449,0,0
2020,5.356,1.342,1,0,6,1,5,38.2,2,2,6,-0.096,4.555,1.852,11.424,3,1.005,1.141,0,0,1,1.215,7,0,0,1,2.502,0,0,11.86,7.751,0,4,11,0,4.079,2.384,3,9.551,0,3
2622,4.839,1.604,2,0,18,0,4,36.7,0,0,19,0.571,4.458,0.609,10.986,0,1.003,1.141,0,0,0,1.261,2,0,1,0,2.273,0,0,0,9.958,0,3,7,8,3.89,2.392,8,9.584,0,2
2272,5.423,2.968,4,0,2,0,8,35.3,0,6,4,0,4.386,1.016,11.356,12,1.07,1.119,0,0,0,1.262,2,0,1,0,2.477,0,0,45.487,3.03,0,6,4,6,4.751,3.308,2,10.384,0,2
2443,5.494,3.597,0,0,0,2,4,36.7,8,1,0,0,3.766,1.378,11.12,4,0.971,1.131,0,0,0,1.257,1,0,0,0,2.475,0,0,0,1.774,0,1,0,1,3.861,2,0,8.725,0,0
2219,3.992,3,0,0,0,0,0,32.7,2,0,0,0,4.285,4.17,10.349,0,0.961,1.14,0,0,0,1.213,0,0,0,0,1.993,0,0,0,14.6,0,0,0,0,3.022,1.528,0,8.508,0,0
2112,5.489,3.305,0,0,0,2,4,36.5,7,3,0,-0.176,3.933,1.933,11.152,7,0.985,1.132,0,0,0,1.232,1,0,0,0,2.466,0,0,11.575,3.38,0,1,0,1,3.853,2.265,0,8.892,0,0
2481,5.04,2.861,0,0,0,0,0,36.4,0,4,0,-2.043,3.403,1.258,10.159,8,1.033,1.132,0,0,0,1.153,1,0,0,0,2.323,0.004,0,21.144,1.711,2,0,0,2,3.581,3.25,0,8.304,0,0
2095,6.03,1.622,0,0,0,5,0,37,7,3,0,0.978,4.33,0.828,11.994,10,0.978,1.131,0,0,0,1.237,15,0,0,0,2.711,0,0,12.794,2.275,5,0,0,2,3.829,2.003,0,9.207,0,0
2428,5.073,2.851,0,0,0,0,4,50,0,3,0,-1.117,3.608,1.02,10.428,7,1.023,1.104,0,0,0,1.268,3,0,0,0,2.399,-0.001,0,10.705,1.642,0,1,0,2,3.921,2.81,0,8.767,0,0
2587,4.17,3.492,0,1,0,0,0,18.2,0,1,0,0,2.509,0.971,8.597,2,1.027,1.185,0,0,0,1.12,0,0,0,0,1.848,0.418,0,9.181,1.542,0,0,2,0,3.287,3.2,2,7.247,0,0
2140,5.504,1.904,0,0,7,1,4,43.9,3,2,10,-0.394,4.344,1.193,11.281,3,0.996,1.122,0,0,0,1.283,4,0,0,0,2.508,0,0,12.106,5.416,2,2,10,1,3.831,2.358,4,9.386,0,0
2381,2,1.125,1,0,0,0,0,20,1,0,0,0,2.196,0,4.174,0,1.018,1.155,0,0,0,1.119,0,0,0,0,1,-0.981,0,0,1,0,0,0,0,3.446,3.056,0,7.424,0,1
2456,5.005,2.383,4,0,0,0,6,50,0,4,0,-1.889,4.31,0.714,10.849,10,1.072,1.096,0,0,0,1.305,2,0,1,0,2.345,0,0,23.541,4.811,0,4,0,0,4.04,2.854,0,9.71,0,4
2660,5.392,1.936,1,1,11,0,5,42.9,0,5,13,-1.287,4.346,0.787,11.183,13,1.037,1.12,0,0,0,1.254,3,0,0,0,2.381,0,0,35.693,5.597,0,4,10,3,4.71,2.824,4,9.931,0,0
2300,4.641,3.118,0,0,0,0,2,40,0,2,0,0,3.203,1.261,9.714,4,1.004,1.125,0,0,0,1.221,1,0,0,0,2.214,0.014,0,0,1.783,0,2,0,0,3.653,2.233,0,8.111,0,0
2644,5.353,3.004,0,0,2,1,3,35.7,1,4,1,-1.116,3.621,1.571,10.687,8,1.025,1.137,0,0,0,1.181,1,0,0,0,2.34,-0.001,0,10.74,2.882,0,2,3,5,3.744,3.094,1,8.635,0,0
2215,3.993,3.004,0,0,0,0,0,32.7,2,0,0,0,4.312,4.236,10.378,0,0.961,1.14,0,0,0,1.213,0,0,0,0,1.993,0,0,0,15.005,0,0,0,0,3.023,1.527,0,8.536,0,0
2055,5.095,2.47,4,0,3,0,7,48.1,0,2,4,-0.565,4.231,0.737,10.813,6,1.054,1.103,0,0,0,1.322,2,0,1,0,2.383,0,0,12.071,3.694,0,6,3,2,4.07,2.764,1,9.656,0,4
2362,4.771,3.691,0,0,1,0,0,29.8,3,3,1,0.048,3.673,2.753,10.001,3,0.988,1.148,0,0,0,1.156,0,0,0,0,2.183,0,0,11.762,5.536,0,0,3,2,3.441,2.37,1,8.164,0,0
2405,3,1.79,1,0,0,0,0,25,2,0,0,0,2.411,0.918,6.594,0,0.997,1.149,0,0,0,1.246,0,0,0,0,1.414,0.757,0,0,1.333,0,0,0,0,3.539,2.537,0,7.596,0,1
2394,4.414,3.117,1,0,0,0,1,50,0,0,0,0,3.099,0.802,9.183,0,0.998,1.099,0,0,0,1.351,1,0,1,0,2.101,-0.077,0,0,0.975,0,1,0,0,3.849,2.254,0,8.358,0,1
2457,4.722,2.297,0,0,3,0,3,48,0,1,6,0,3.647,0.781,10.2,2,1.003,1.115,0,0,0,1.288,2,0,0,1,2.269,0,0,10.206,3.115,0,3,6,1,3.705,2.367,2,8.677,0,0
2047,5.122,2.082,0,1,9,0,6,47.4,1,2,9,0,4.024,0.923,10.773,5,1.001,1.114,0,0,0,1.278,4,0,0,0,2.412,0,0,0,4.291,0,4,6,1,3.941,2.227,2,9.124,0,0
2267,4.732,3.17,1,0,0,0,1,40,0,2,0,0,3.305,1.187,9.642,4,1.025,1.106,0,0,0,1.278,1,0,0,0,2.194,-0.026,0,10.312,1.659,0,1,0,1,4.308,2.877,0,8.99,0,0
2024,5.465,1.909,3,0,4,0,11,58.3,0,3,6,-1.116,4.469,0.648,11.412,12,1.041,1.084,0,0,0,1.335,15,0,1,1,2.603,0,0,39.297,2.108,0,5,4,1,4.139,2.613,1,9.847,0,3
2558,5.157,2.18,0,0,0,0,8,62.5,0,0,0,0,3.985,0,11,0,0.978,1.078,0,0,0,1.403,18,0,0,0,2.592,0,0,0,1.633,0,0,0,0,4.187,1.867,0,9.309,0,0
2021,5.373,1.999,0,0,7,0,7,51.2,0,2,11,0,4.226,0.75,11.197,4,1.006,1.107,0,0,0,1.303,15,0,0,0,2.566,0,0,0,2.712,0,0,2,0,4.141,2.103,3,9.466,0,0
2444,5.319,2.286,0,0,0,0,5,53.3,1,2,0,-0.099,3.839,0.894,10.8,8,0.999,1.097,0,0,0,1.304,6,0,0,0,2.51,0,0,24.67,1.618,0,0,0,0,3.954,2.398,0,8.972,0,0
2601,5.474,3.184,2,0,0,0,4,38.5,0,6,0,0,4.045,1.112,11.095,12,1.064,1.106,0,0,0,1.265,3,0,0,0,2.489,0,0,44.606,2.066,0,2,0,2,4.767,3.361,0,10.185,0,0
2015,5.058,2.53,3,1,8,0,7,38.1,2,4,12,0,4.617,1.487,11.015,4,1.042,1.13,0,1,0,1.271,2,1,1,0,2.385,0,1,21.68,4.881,0,7,12,2,6.88,2.764,4,11.696,0,3
2043,4.935,3.283,0,0,0,0,4,41.7,4,0,0,0,3.17,0.861,10.06,0,0.966,1.121,0,0,0,1.315,1,0,0,0,2.303,0.013,0,0,1.047,0,0,0,0,3.759,1.867,0,8.214,0,0
2226,3.995,3.026,0,0,0,0,0,32.8,2,0,0,0,4.486,4.459,10.561,0,0.961,1.139,0,0,0,1.214,0,0,0,0,1.995,0,0,0,17.84,0,0,0,0,3.032,1.523,0,8.714,0,0
2035,4.88,1.834,0,2,15,0,7,43.8,1,3,20,-0.53,4.297,1.064,10.994,5,1.014,1.126,0,0,0,1.255,3,0,0,0,2.322,0,0,11.183,6.19,0,6,14,2,3.804,2.425,5,9.37,0,0
2163,5.155,2.197,1,1,14,0,8,40.8,0,5,17,0,4.65,1.584,11.175,9,1.032,1.128,0,2,0,1.268,4,1,0,0,2.44,0,1,44.822,4.864,0,6,13,1,6.88,2.664,5,11.695,0,1
2434,4.863,2.451,0,0,0,0,3,52.2,0,1,0,0,3.499,0.569,10.135,2,0.989,1.099,0,0,0,1.303,2,0,0,0,2.3,0.001,0,0,2.241,0,1,0,1,3.743,2.231,0,8.536,0,0
2449,4.95,2.566,0,1,3,0,1,43.5,1,1,5,0.914,3.498,0.7,10.271,2,1.003,1.125,0,0,0,1.277,2,0,0,0,2.377,0.001,0,11.396,2.113,0,1,8,0,3.755,2.346,2,8.548,0,0
2199,4.772,4.077,8,0,0,0,0,32.3,2,0,0,0,4.568,2.978,10.831,0,1.002,1.133,0,0,0,1.288,0,0,1,0,2.213,0,0,0,7.849,0,0,0,0,3.862,2.234,0,9.873,0,8
2462,4.783,3.214,1,0,0,0,2,50,0,0,0,0,3.299,1.187,9.668,0,0.991,1.1,0,0,0,1.35,1,0,1,0,2.222,-0.025,0,0,1.358,0,1,0,0,3.907,2.272,0,8.536,0,1
2135,5.195,1.931,0,1,22,0,4,39.7,2,5,25,0,4.613,1.142,11.288,7,1.019,1.135,0,1,0,1.239,3,0,0,0,2.436,0,0,22.085,7.054,0,4,16,3,3.934,2.588,8,9.694,0,0
2338,5.122,3.353,0,0,0,0,3,35.5,6,6,0,-1.682,4.483,2.747,11.156,21,0.987,1.134,0,0,0,1.202,1,0,0,0,2.404,0,0,39.201,4.596,0,0,0,0,3.853,2.205,0,9.257,3,0
2652,5.476,1.786,1,0,5,1,1,39,2,4,3,-1.555,4.113,0.899,11.21,6,1.016,1.124,0,0,0,1.253,4,0,0,0,2.63,0,0,35.816,4.128,1,0,6,2,4.031,2.641,2,9.278,0,0
2221,3.984,2.939,0,0,0,0,0,32.5,2,0,0,0,3.921,3.684,9.955,0,0.961,1.14,0,0,0,1.211,0,0,0,0,1.985,0,0,0,10.145,0,0,0,0,3.006,1.54,0,8.13,0,0
2162,5.489,1.884,0,0,4,4,8,36.4,12,8,0,-2.666,4.768,0.935,11.945,16,0.995,1.134,0,0,0,1.219,2,0,0,0,2.466,0,0,49.078,13.145,0,2,4,4,3.868,2.42,2,9.749,0,0
2361,4.771,3.406,0,0,1,0,0,30.8,3,3,1,0.057,3.94,3.272,10.226,3,0.981,1.145,0,0,0,1.171,0,0,0,0,2.183,0,0,11.928,8.522,0,0,3,2,3.442,2.153,1,8.38,0,0
2139,5.51,1.981,0,0,6,1,5,44.1,4,1,11,0.09,4.338,1.219,11.329,2,0.989,1.122,0,0,0,1.297,4,0,0,0,2.523,0,0,12.544,4.717,2,2,11,1,3.868,2.298,4,9.399,0,0
2372,3.802,2.499,0,0,0,0,0,28.6,2,1,0,0,2.699,1.95,8.394,1,0.977,1.148,0,0,0,1.136,0,0,0,0,1.848,0.12,0,0,2.885,0,0,0,1,2.901,2.214,0,6.817,0,0
2531,4.95,3.13,0,0,0,0,2,40.9,1,3,0,-0.49,3.404,1.695,10.017,8,1.018,1.123,0,0,0,1.216,1,0,0,0,2.287,0.004,0,11.083,2.322,0,1,0,1,3.743,2.75,0,8.374,1,0
2312,4.807,3.28,1,0,2,0,3,41.2,1,0,2,0,3.286,0.881,9.833,0,0.998,1.124,0,0,0,1.31,1,0,1,0,2.246,-0.025,0,0,1.06,0,2,2,2,3.92,2.346,1,8.552,0,1
2335,4.828,2.964,0,0,0,0,2,41.7,2,0,0,0,3.157,1.261,9.749,0,0.966,1.121,0,0,0,1.282,1,0,0,0,2.247,0.012,0,0,1.436,0,0,0,0,3.642,1.833,0,8.019,0,0
2359,4.771,3.352,0,0,1,0,0,31,3,3,1,0.058,4.015,3.412,10.29,3,0.979,1.145,0,0,0,1.174,0,0,0,0,2.183,0,0,11.961,9.466,0,0,3,2,3.442,2.103,1,8.443,0,0
2169,5.058,2.488,2,1,12,0,7,36.8,1,8,13,-1.627,4.573,2.045,11.22,12,1.044,1.135,0,1,0,1.216,2,0,1,0,2.385,0,0,44.322,5.624,0,6,12,0,4.091,2.778,4,9.782,0,2
2265,5.431,3.137,1,0,3,0,4,41.7,0,3,3,0,3.784,1.029,10.764,6,1.029,1.113,0,0,0,1.273,3,0,0,0,2.457,0,0,22.198,1.681,0,2,2,3,4.744,2.906,1,9.675,0,0
2600,4.17,3.298,0,0,0,0,0,36.4,1,1,0,0.019,2.527,0.971,8.597,1,0.998,1.132,0,0,0,1.239,0,0,0,0,1.848,0.398,0,9.694,1.542,0,0,0,0,3.363,3.133,0,7.376,0,0
2384,4.414,3.053,1,0,0,0,1,46.2,0,0,0,0,3.056,0.802,9.183,0,0.979,1.09,0,0,0,1.402,1,0,0,0,2.101,-0.076,0,0,0.975,0,1,0,0,3.752,2.127,0,8.2,0,0
2068,5.079,2.76,1,1,14,0,7,39.6,3,3,17,-0.257,4.584,1.383,11.102,5,1.021,1.133,0,1,0,1.274,2,1,0,0,2.4,0,1,33.55,4.456,0,6,16,1,6.88,2.658,6,11.678,0,1
2354,5.331,2.165,1,0,0,0,4,46.3,1,4,0,0,4.167,0.49,10.943,15,1.006,1.105,0,0,0,1.299,3,0,0,0,2.375,0,0,13.14,2.938,0,3,0,0,4.441,2.291,0,9.605,0,0
2424,4.858,2.297,0,0,0,0,4,48.1,0,2,0,0,3.633,0.648,10.32,5,0.998,1.108,0,0,0,1.282,2,0,0,0,2.299,0,0,0,2.949,0,2,0,2,3.72,2.411,0,8.656,0,0
2247,3.618,2.268,1,0,0,0,0,28.6,2,0,0,0,2.718,1.522,7.853,0,0.982,1.144,0,0,0,1.211,0,0,1,0,1.732,0.324,0,0,2.094,0,0,0,0,3.541,2.122,0,7.72,0,1
2008,4.871,1.812,1,1,9,0,3,42.6,0,2,12,0,4.357,1.107,10.946,2,1.014,1.124,0,1,0,1.296,3,0,0,0,2.327,0,0,21.375,5.5,0,2,11,0,4.247,2.471,6,9.645,0,0
2525,4.343,3.493,0,0,0,0,0,30,3,2,0,-0.196,2.917,1.5,9.309,3,0.998,1.146,0,0,0,1.156,0,0,0,0,2,-0.079,0,10.126,2.682,0,0,0,0,3.361,2.625,0,7.628,0,0
2357,5.946,6.252,0,0,0,3,0,31.3,1,1,0,-7.119,3.813,1.549,11.152,1,1.305,1.355,0,0,1,0.896,0,0,0,0,2.482,-0.001,0,0,2.984,0,0,0,0,3.828,5.661,0,8.806,0,10
2325,5.054,2.596,0,0,1,0,1,50,0,2,2,-0.563,3.529,0.7,10.291,6,1.02,1.108,0,0,0,1.278,2,0,0,0,2.392,0.001,0,22.407,2.034,0,1,4,0,3.792,2.692,1,8.614,0,0
2025,5.035,2.025,1,2,8,0,3,45.7,1,1,12,0.379,4.103,0.595,10.85,2,1.014,1.121,0,0,0,1.297,3,0,1,0,2.444,0,0,12.447,4.041,0,3,14,0,3.928,2.354,4,9.291,0,1
2036,5.275,1.192,0,0,0,0,8,45.2,0,8,0,0,4.733,0,11.537,12,1.005,1.114,0,0,0,1.224,8,0,0,0,2.476,0,0,0,3.336,0,4,0,0,3.823,2.029,0,9.782,0,0
2310,4.782,3.121,0,0,0,0,2,42.1,0,3,0,-0.923,3.335,1.273,9.947,6,1.027,1.12,0,0,0,1.206,1,0,0,0,2.251,-0.008,0,10.36,1.951,0,1,0,1,3.713,2.864,0,8.342,0,0
2174,5.359,1.548,2,2,15,0,9,52.1,1,3,16,0.086,4.613,0.583,11.577,11,1.032,1.106,1,0,0,1.307,12,0,1,0,2.553,0,0,39.253,4.861,0,4,16,1,4.095,2.506,5,9.908,0,2
2537,4.214,2.711,0,0,0,0,0,27.8,3,1,0,0,2.567,1.459,8.755,1,0.979,1.15,0,0,0,1.157,0,0,0,0,1.902,-0.205,0,0,2.052,0,0,0,1,3.014,2.389,0,6.844,0,0
2522,4.596,3.194,0,0,1,0,0,41.2,2,0,1,0,2.984,0.875,9.54,0,0.979,1.127,0,0,0,1.301,1,0,0,0,2.175,0.043,0,0,1.069,0,0,3,0,3.649,2.042,1,7.98,0,0
2089,5.807,2.299,0,0,0,4,0,34.5,5,2,0,0,3.896,1.544,11.474,5,0.975,1.136,0,0,0,1.22,3,0,0,0,2.586,0,0,0,2.926,3,0,0,2,3.656,2.053,0,8.675,0,0
2430,5.252,1.858,0,0,0,0,7,49.2,3,1,0,0,4.332,0.541,11.217,3,0.977,1.106,0,0,0,1.312,4,0,0,0,2.474,0,0,0,2.892,0,1,0,1,3.864,1.989,0,9.367,0,0
2519,3.414,2.229,1,0,0,0,0,22.2,2,1,0,0,2.617,1,7.408,0,1.034,1.155,0,0,0,1.123,0,0,0,0,1.618,-0.606,0,0,1.707,0,0,0,1,3.545,3.278,0,7.686,0,1
2418,4.732,2.882,0,0,2,0,1,40,1,0,2,0,3.08,1.187,9.642,0,0.976,1.129,0,0,0,1.261,1,0,0,0,2.194,-0.024,0,0,1.659,0,0,2,2,3.588,2.111,1,7.954,0,0
2471,4.236,2.887,0,0,0,0,0,30.8,1,2,0,-0.67,3.106,2.246,9.214,2,0.989,1.144,0,0,0,1.157,0,0,0,0,1.97,-0.024,0,10.032,3.888,0,0,0,1,3.329,2.567,0,7.657,0,0
2549,5.036,2.717,2,0,2,0,4,40.5,1,2,2,-0.243,4.57,2.561,10.511,5,1.005,1.117,0,0,0,1.326,1,1,0,0,2.357,0,1,11.775,4.903,0,3,1,0,6.893,2.392,1,12.29,0,2
2367,3.919,2.806,0,0,2,0,0,29.4,2,0,2,0,3.118,2.55,9.002,0,0.965,1.149,0,0,0,1.18,0,0,0,0,1.932,0.012,0,0,4.489,0,0,2,1,2.977,1.682,1,7.292,0,0
2269,5.323,3.684,1,0,1,0,2,33.3,0,5,2,0,3.687,1.23,10.549,10,1.088,1.128,0,1,0,1.21,1,0,0,0,2.345,-0.003,0,41.5,2.11,0,2,2,1,4.736,3.712,1,9.651,0,0
2401,4.679,3.189,0,0,4,0,2,57.1,0,0,4,0,3.292,1.261,9.715,0,1.006,1.101,0,0,0,1.35,1,0,0,0,2.222,0.015,0,0,1.695,0,0,2,0,3.734,2.833,2,8.435,0,0
2618,5.319,3.24,3,0,4,0,0,23.3,3,7,4,0,4.168,2.155,10.928,14,1.043,1.154,0,0,0,1.14,1,0,0,0,2.425,0,0,12.568,3.286,0,0,2,6,4.396,3.009,2,9.56,0,2
